const uint16_t epd_bitmap_display_background[] = {
  // 'display_background', 128x160px
  0x2479, 0x13f7, 0x0b96, 0x0355, 0x0335, 0x0335, 0x0335, 0x0334, 0x0334, 0x0334, 0x0334, 0x0355, 0x0335, 0x0335, 0x0355, 0x0355,
  0x0355, 0x0375, 0x0375, 0x0375, 0x0375, 0x0bb6, 0x0bd6, 0x0395, 0x0375, 0x0375, 0x0355, 0x0354, 0x0353, 0x2477, 0x459c, 0x34fa,
  0x1cba, 0x0bf7, 0x0335, 0x02f4, 0x0314, 0x0314, 0x0314, 0x0334, 0x0335, 0x0396, 0x03d7, 0x03d6, 0x03b6, 0x0335, 0x02f4, 0x02f4,
  0x0314, 0x0334, 0x0375, 0x03d7, 0x03f7, 0x03b6, 0x0396, 0x0375, 0x0355, 0x0355, 0x0355, 0x0375, 0x0396, 0x0396, 0x0396, 0x03b6,
  0x03b6, 0x03f7, 0x0c78, 0x1cda, 0x14b9, 0x0458, 0x0418, 0x0417, 0x0417, 0x0437, 0x0437, 0x0458, 0x0458, 0x0438, 0x0418, 0x0438,
  0x0457, 0x0c78, 0x1498, 0x1478, 0x1478, 0x1458, 0x0c38, 0x1438, 0x1458, 0x24ba, 0x351b, 0x457c, 0x457c, 0x3d3b, 0x453b, 0x4d5b,
  0x5dfb, 0x5dfb, 0x5dba, 0x559a, 0x559b, 0x55bb, 0x55dc, 0x55dc, 0x4dbc, 0x457c, 0x3d3b, 0x2cfa, 0x24da, 0x24da, 0x24da, 0x1cb9,
  0x24b9, 0x2cfa, 0x351b, 0x353b, 0x3d5c, 0x2d1b, 0x1459, 0x03f7, 0x03b7, 0x03b7, 0x03b7, 0x0396, 0x0396, 0x0396, 0x0396, 0x0396,
  0x0334, 0x02f3, 0x0314, 0x02f4, 0x0314, 0x0335, 0x0355, 0x0b76, 0x0bb6, 0x1417, 0x2479, 0x2cba, 0x2cba, 0x2479, 0x1c38, 0x1417,
  0x1c37, 0x2cb9, 0x34fa, 0x3d1b, 0x2cb9, 0x2cb9, 0x3d3a, 0x2cd9, 0x0bf6, 0x0375, 0x03b6, 0x0395, 0x0bf6, 0x1cb9, 0x1478, 0x0c17,
  0x0437, 0x03d7, 0x0334, 0x02f4, 0x02f4, 0x0314, 0x0355, 0x0395, 0x03f7, 0x03f7, 0x03d7, 0x0375, 0x0314, 0x0314, 0x0314, 0x0314,
  0x0335, 0x0396, 0x03d7, 0x03b6, 0x0396, 0x0375, 0x0355, 0x0355, 0x0355, 0x0355, 0x0375, 0x0375, 0x0396, 0x0396, 0x03b6, 0x03b6,
  0x03d6, 0x03f7, 0x0c38, 0x0c58, 0x0c78, 0x0c58, 0x0c38, 0x0418, 0x03f7, 0x03f7, 0x0417, 0x0437, 0x0437, 0x0417, 0x03f7, 0x03f7,
  0x0417, 0x0457, 0x0c58, 0x1478, 0x24da, 0x353c, 0x3d5c, 0x355c, 0x3d5c, 0x3d5b, 0x351a, 0x1c98, 0x1457, 0x0c57, 0x1478, 0x1478,
  0x0c57, 0x0c37, 0x0c17, 0x0c17, 0x0c37, 0x1457, 0x1478, 0x1c98, 0x24b9, 0x2d1a, 0x3d5c, 0x3d7c, 0x353b, 0x2cfa, 0x2cfa, 0x24b9,
  0x24da, 0x2cfa, 0x2cfa, 0x2cf9, 0x351a, 0x351b, 0x2d1b, 0x1c9a, 0x0c39, 0x03d8, 0x03b7, 0x03b7, 0x0397, 0x0396, 0x0396, 0x0396,
  0x02d3, 0x02d3, 0x02f3, 0x0334, 0x0396, 0x03f7, 0x0417, 0x0c37, 0x0c58, 0x1478, 0x1498, 0x1498, 0x0c78, 0x1478, 0x1499, 0x1cb9,
  0x2cd9, 0x3d3b, 0x459c, 0x3d7c, 0x353b, 0x2cf9, 0x2cf9, 0x2cf9, 0x1c99, 0x0c38, 0x0c58, 0x1479, 0x0c79, 0x0458, 0x0417, 0x03f7,
  0x0417, 0x03b6, 0x0334, 0x02f4, 0x02f4, 0x0355, 0x03b6, 0x03f7, 0x0437, 0x03f7, 0x0355, 0x0314, 0x02f4, 0x02f4, 0x0314, 0x0335,
  0x0395, 0x03b6, 0x0396, 0x0396, 0x0376, 0x0355, 0x0355, 0x0335, 0x0355, 0x0355, 0x0375, 0x0375, 0x0375, 0x0395, 0x03b6, 0x03b6,
  0x03b6, 0x03b6, 0x03b6, 0x03b6, 0x03d6, 0x03b6, 0x03b6, 0x0396, 0x0395, 0x0395, 0x03b6, 0x03d6, 0x0417, 0x0417, 0x0417, 0x0417,
  0x0c37, 0x1cda, 0x24fb, 0x24fa, 0x2d1b, 0x2d1b, 0x24fa, 0x1c99, 0x1458, 0x0c37, 0x0c17, 0x0c37, 0x0c79, 0x0c99, 0x0458, 0x0418,
  0x03f8, 0x03f7, 0x03f7, 0x03f7, 0x0417, 0x03f7, 0x03f8, 0x03f8, 0x03d7, 0x03f7, 0x1437, 0x1c98, 0x2cfa, 0x351a, 0x353b, 0x351a,
  0x34f9, 0x3d1a, 0x3d1a, 0x34fa, 0x34da, 0x2cda, 0x2cfb, 0x24db, 0x2cfc, 0x24db, 0x1459, 0x0418, 0x03f7, 0x03b7, 0x0397, 0x0396,
  0x02d4, 0x02f4, 0x0375, 0x0c17, 0x0417, 0x0417, 0x03f6, 0x03b6, 0x0355, 0x0334, 0x0334, 0x0334, 0x0354, 0x0375, 0x0375, 0x0375,
  0x0355, 0x0396, 0x0bd7, 0x0417, 0x0417, 0x03f7, 0x03d7, 0x03f7, 0x0417, 0x0417, 0x0437, 0x0458, 0x0438, 0x0418, 0x0417, 0x0417,
  0x0438, 0x03b6, 0x0314, 0x0314, 0x0355, 0x03d6, 0x0417, 0x0437, 0x03f7, 0x0395, 0x0334, 0x0314, 0x02f4, 0x0314, 0x0314, 0x0355,
  0x0375, 0x0395, 0x0375, 0x0396, 0x0396, 0x0376, 0x0376, 0x0375, 0x0375, 0x0375, 0x0375, 0x0375, 0x0396, 0x0396, 0x0396, 0x0396,
  0x0396, 0x0396, 0x0395, 0x0375, 0x0375, 0x0396, 0x0396, 0x0376, 0x0395, 0x0375, 0x0395, 0x0396, 0x03d6, 0x0417, 0x0417, 0x0417,
  0x0c58, 0x1cba, 0x1499, 0x0c58, 0x1cb9, 0x24fa, 0x1478, 0x0438, 0x0458, 0x1499, 0x14ba, 0x1499, 0x0459, 0x0438, 0x0438, 0x03f8,
  0x03f9, 0x03f8, 0x03f7, 0x03f6, 0x03f6, 0x03f6, 0x03f6, 0x03f7, 0x03f7, 0x03f7, 0x03d6, 0x03d6, 0x03f6, 0x0c37, 0x1478, 0x1c98,
  0x2cd9, 0x351a, 0x3d5b, 0x3d3b, 0x3d3b, 0x3d3c, 0x353b, 0x2cda, 0x24da, 0x24da, 0x24da, 0x24fb, 0x1cba, 0x1479, 0x0c18, 0x03b7,
  0x0314, 0x0335, 0x03f7, 0x0438, 0x0418, 0x03d7, 0x0355, 0x0314, 0x0314, 0x0334, 0x0355, 0x0375, 0x0375, 0x0375, 0x0355, 0x0335,
  0x0314, 0x0314, 0x0334, 0x0395, 0x03f7, 0x0c17, 0x03d7, 0x03f7, 0x03f7, 0x0417, 0x0417, 0x0417, 0x0437, 0x0417, 0x03f7, 0x0c37,
  0x0c79, 0x03b6, 0x0334, 0x0355, 0x03b6, 0x03f7, 0x0417, 0x0438, 0x03d7, 0x0355, 0x0314, 0x0314, 0x0314, 0x0314, 0x0334, 0x0334,
  0x0354, 0x0375, 0x0375, 0x0375, 0x0376, 0x0376, 0x0396, 0x0396, 0x0396, 0x0396, 0x0396, 0x0396, 0x0396, 0x03b6, 0x03b6, 0x03b6,
  0x0396, 0x0396, 0x0375, 0x0355, 0x0355, 0x0355, 0x0376, 0x0396, 0x03b6, 0x0396, 0x0396, 0x0396, 0x0396, 0x03b6, 0x03d6, 0x03f6,
  0x0437, 0x0478, 0x0458, 0x0437, 0x0c37, 0x24d9, 0x355c, 0x24fb, 0x14ba, 0x0c99, 0x0c79, 0x0458, 0x0458, 0x0478, 0x0478, 0x0458,
  0x0457, 0x0437, 0x0438, 0x0418, 0x0418, 0x0418, 0x03f7, 0x03f7, 0x03f7, 0x03f7, 0x03d6, 0x03f7, 0x03f7, 0x03f7, 0x0417, 0x0417,
  0x0417, 0x0c58, 0x1499, 0x1cb9, 0x24d9, 0x353b, 0x3d5b, 0x353a, 0x2d1a, 0x24fa, 0x24d9, 0x1cb9, 0x24fa, 0x2d1b, 0x2cfb, 0x1c9a,
  0x0354, 0x03b5, 0x0c37, 0x0437, 0x0c38, 0x03d6, 0x0396, 0x0396, 0x03b6, 0x03b6, 0x03d6, 0x03d6, 0x03f7, 0x03f7, 0x03f7, 0x03f7,
  0x03b6, 0x0375, 0x0334, 0x0314, 0x0355, 0x0bf7, 0x0c38, 0x0417, 0x0417, 0x0437, 0x0437, 0x0437, 0x0438, 0x0417, 0x0437, 0x0c78,
  0x0c9a, 0x03d7, 0x0355, 0x0bb6, 0x03d6, 0x03f6, 0x0417, 0x0418, 0x03f7, 0x0375, 0x0314, 0x0314, 0x0314, 0x0314, 0x0314, 0x0335,
  0x0355, 0x0375, 0x0376, 0x0376, 0x0396, 0x0376, 0x0376, 0x0376, 0x0395, 0x0395, 0x0396, 0x0396, 0x0396, 0x0375, 0x0396, 0x0396,
  0x0396, 0x0396, 0x0396, 0x0396, 0x03b6, 0x03b6, 0x03b6, 0x03d6, 0x03d6, 0x03d6, 0x03d6, 0x03b6, 0x03b6, 0x03b6, 0x03b6, 0x03b6,
  0x03f6, 0x0417, 0x0417, 0x0417, 0x03f6, 0x1458, 0x3d9c, 0x563f, 0x3dbd, 0x1cb9, 0x0c37, 0x0418, 0x0438, 0x0438, 0x0438, 0x0458,
  0x0458, 0x0458, 0x0458, 0x0458, 0x0459, 0x0438, 0x0438, 0x0417, 0x03f7, 0x03f7, 0x0417, 0x0417, 0x03f7, 0x03f7, 0x03f7, 0x03f7,
  0x0417, 0x0437, 0x0437, 0x0417, 0x0417, 0x0c58, 0x1478, 0x0c58, 0x1478, 0x1cb9, 0x1c99, 0x1cb9, 0x1cb9, 0x24d9, 0x2cfa, 0x351a,
  0x1437, 0x24b9, 0x24fa, 0x1cba, 0x0c58, 0x0417, 0x03f7, 0x03f7, 0x03f7, 0x03f7, 0x0417, 0x0417, 0x0417, 0x03f7, 0x0417, 0x0417, 
  0x0417, 0x03f7, 0x03b6, 0x0375, 0x0355, 0x0396, 0x0c38, 0x0458, 0x0417, 0x0437, 0x0437, 0x0437, 0x0438, 0x0437, 0x0437, 0x0c58,
  0x0459, 0x03d7, 0x0375, 0x03b6, 0x03f7, 0x03f7, 0x03f7, 0x0417, 0x0417, 0x03b6, 0x0355, 0x0314, 0x0314, 0x0314, 0x0314, 0x0314,
  0x0314, 0x0335, 0x0335, 0x0375, 0x0375, 0x0396, 0x0396, 0x0396, 0x0396, 0x0396, 0x0396, 0x0396, 0x0396, 0x0396, 0x03b6, 0x03b6,
  0x03b6, 0x03d6, 0x03f7, 0x03f7, 0x03f7, 0x0417, 0x0417, 0x0417, 0x03f7, 0x03f7, 0x03d6, 0x03d6, 0x03b6, 0x0396, 0x0375, 0x0375,
  0x03b6, 0x03d6, 0x03b6, 0x03d6, 0x03d6, 0x1c78, 0x24f9, 0x2cf9, 0x353b, 0x45bd, 0x355c, 0x1cba, 0x1479, 0x0c59, 0x0c79, 0x0c58,
  0x0478, 0x0458, 0x0458, 0x0458, 0x0458, 0x0458, 0x0458, 0x0458, 0x0458, 0x0438, 0x0438, 0x0438, 0x0438, 0x0418, 0x03f7, 0x03f7,
  0x03f7, 0x03f7, 0x03f7, 0x03f7, 0x03f7, 0x0418, 0x0418, 0x03f7, 0x03d6, 0x03d6, 0x03d6, 0x03d6, 0x03d6, 0x0bd6, 0x0bd6, 0x13f6,
  0x3d1a, 0x4dbd, 0x353b, 0x0c78, 0x0437, 0x0438, 0x0418, 0x0c18, 0x0417, 0x0417, 0x0417, 0x03f7, 0x03d7, 0x03d7, 0x03f7, 0x0417,
  0x0417, 0x0417, 0x0417, 0x03f7, 0x03d6, 0x0396, 0x03d7, 0x0c79, 0x0458, 0x0437, 0x0437, 0x0438, 0x0438, 0x0437, 0x0458, 0x0c78,
  0x0c78, 0x0417, 0x0395, 0x0396, 0x03d7, 0x03f7, 0x03f6, 0x0417, 0x0418, 0x03f8, 0x03b6, 0x0335, 0x0314, 0x0314, 0x02f4, 0x02f4,
  0x0314, 0x0314, 0x0334, 0x0334, 0x0354, 0x0375, 0x0395, 0x0395, 0x0396, 0x0375, 0x0375, 0x0375, 0x0375, 0x0375, 0x0375, 0x0375,
  0x0355, 0x0355, 0x0355, 0x0355, 0x0335, 0x0335, 0x0355, 0x0355, 0x0375, 0x0396, 0x03b6, 0x03b6, 0x03b6, 0x0396, 0x0375, 0x0375,
  0x0395, 0x03b6, 0x0396, 0x0396, 0x0c17, 0x1499, 0x0c58, 0x0c37, 0x0c37, 0x1c78, 0x2cfa, 0x353b, 0x2d1b, 0x24fb, 0x1cda, 0x14b9,
  0x0cb9, 0x0479, 0x0478, 0x0458, 0x0458, 0x0438, 0x0438, 0x0458, 0x0458, 0x0458, 0x0478, 0x0458, 0x0458, 0x0438, 0x0418, 0x0418,
  0x0438, 0x0418, 0x0417, 0x0418, 0x03f7, 0x0418, 0x0418, 0x03f7, 0x03b7, 0x03b6, 0x03b6, 0x0396, 0x0375, 0x0375, 0x0375, 0x0375,
  0x4d5b, 0x4dbd, 0x2d1a, 0x0478, 0x0458, 0x0437, 0x03d7, 0x0396, 0x0396, 0x0395, 0x0395, 0x0375, 0x0355, 0x0375, 0x03b6, 0x03f7,
  0x0438, 0x0437, 0x0437, 0x0417, 0x03f7, 0x03b6, 0x03f7, 0x1479, 0x1499, 0x0437, 0x0438, 0x0417, 0x0417, 0x0417, 0x0438, 0x0c58,
  0x0c57, 0x0c58, 0x0437, 0x0396, 0x0376, 0x0396, 0x03d6, 0x03f6, 0x03f7, 0x0417, 0x03f7, 0x03d7, 0x0375, 0x0335, 0x0314, 0x02f4,
  0x02f4, 0x02f4, 0x02f4, 0x0314, 0x0314, 0x0334, 0x0334, 0x0314, 0x0314, 0x0314, 0x0314, 0x0315, 0x0314, 0x0314, 0x0314, 0x0314,
  0x0314, 0x0314, 0x0314, 0x0314, 0x0314, 0x0314, 0x0314, 0x0314, 0x0314, 0x0335, 0x0355, 0x0375, 0x0376, 0x0396, 0x03b6, 0x0396,
  0x0395, 0x03b6, 0x0396, 0x0c38, 0x24fb, 0x14b9, 0x0c78, 0x14b9, 0x0cb9, 0x0458, 0x0c78, 0x14b9, 0x1cd9, 0x14ba, 0x0c99, 0x0479,
  0x0479, 0x0479, 0x0478, 0x0458, 0x0458, 0x0458, 0x0438, 0x0437, 0x0437, 0x0437, 0x0437, 0x0437, 0x0437, 0x0417, 0x0417, 0x0417,
  0x0437, 0x0417, 0x03f7, 0x0417, 0x0417, 0x0438, 0x0438, 0x0417, 0x03d7, 0x03d7, 0x0397, 0x0396, 0x0396, 0x0376, 0x0396, 0x03b6,
  0x455b, 0x4dbc, 0x2d3a, 0x0c98, 0x0458, 0x03f7, 0x0396, 0x0355, 0x0334, 0x0314, 0x0314, 0x0314, 0x0314, 0x0314, 0x0355, 0x03b6,
  0x0417, 0x0437, 0x0417, 0x0417, 0x03f7, 0x03d6, 0x0417, 0x14ba, 0x1499, 0x0437, 0x0417, 0x0417, 0x0417, 0x0417, 0x0417, 0x0437,
  0x0437, 0x0437, 0x0c79, 0x03f8, 0x0376, 0x0335, 0x0355, 0x0395, 0x03d6, 0x03f6, 0x0417, 0x0417, 0x03f7, 0x03d7, 0x0396, 0x0355,
  0x0314, 0x02f4, 0x02f4, 0x02f4, 0x02f4, 0x02f4, 0x02f4, 0x02f4, 0x02f4, 0x0315, 0x0315, 0x0314, 0x0314, 0x0314, 0x0314, 0x0314,
  0x0314, 0x0314, 0x0314, 0x0314, 0x0314, 0x0314, 0x0314, 0x0314, 0x0314, 0x0334, 0x0335, 0x0355, 0x0355, 0x0355, 0x0375, 0x0396,
  0x0bd6, 0x1417, 0x24b9, 0x2cfb, 0x1c99, 0x1458, 0x0c78, 0x1499, 0x0499, 0x0458, 0x0438, 0x0438, 0x0458, 0x0478, 0x0479, 0x0499,
  0x0479, 0x0c79, 0x0479, 0x0479, 0x0459, 0x0458, 0x0438, 0x0458, 0x0458, 0x0458, 0x0478, 0x0458, 0x0438, 0x0417, 0x0417, 0x0418,
  0x0417, 0x03f7, 0x03f7, 0x03f7, 0x0417, 0x0418, 0x0418, 0x0417, 0x03f7, 0x03d7, 0x03b7, 0x0396, 0x03b7, 0x03d7, 0x03f7, 0x0417,
  0x4dbc, 0x45bc, 0x2d3a, 0x0c78, 0x0458, 0x0417, 0x03b6, 0x0355, 0x0314, 0x02f4, 0x02f4, 0x02f4, 0x02d3, 0x02f4, 0x0334, 0x0395,
  0x0417, 0x0417, 0x03f7, 0x03f6, 0x03d6, 0x03b6, 0x03d6, 0x1479, 0x0c58, 0x0417, 0x0417, 0x03f7, 0x0417, 0x0417, 0x0417, 0x0417,
  0x0417, 0x0417, 0x0417, 0x0c38, 0x0bd7, 0x0355, 0x0314, 0x0314, 0x0354, 0x0395, 0x03d6, 0x03f6, 0x03f7, 0x0418, 0x0418, 0x03f8,
  0x03d7, 0x03b6, 0x0396, 0x0375, 0x0355, 0x0355, 0x0335, 0x0335, 0x0355, 0x0355, 0x0355, 0x0375, 0x0376, 0x0396, 0x0395, 0x0396,
  0x0356, 0x0356, 0x0336, 0x0335, 0x0336, 0x0315, 0x0315, 0x0315, 0x0335, 0x0335, 0x0335, 0x0355, 0x0355, 0x0355, 0x0375, 0x03b6,
  0x1c58, 0x459d, 0x4dbd, 0x351b, 0x34fa, 0x2cd9, 0x1cb9, 0x1c99, 0x1499, 0x149a, 0x1c9a, 0x1499, 0x1458, 0x1459, 0x0c79, 0x0c79,
  0x0c79, 0x0c79, 0x1499, 0x1499, 0x14b9, 0x1499, 0x0c58, 0x0c58, 0x0459, 0x0459, 0x0459, 0x0459, 0x0459, 0x0439, 0x0439, 0x0418,
  0x0418, 0x0418, 0x0418, 0x0418, 0x0438, 0x0438, 0x0459, 0x0438, 0x0438, 0x0438, 0x0418, 0x0c38, 0x0c59, 0x0c38, 0x0417, 0x0437,
  0x55dd, 0x457b, 0x2d1a, 0x0437, 0x0438, 0x0438, 0x0417, 0x03d7, 0x0396, 0x0355, 0x0314, 0x02f4, 0x02f4, 0x0314, 0x0355, 0x0396,
  0x03f7, 0x0417, 0x03f6, 0x03b6, 0x03b6, 0x0395, 0x0355, 0x0c17, 0x0c57, 0x0416, 0x03f7, 0x0417, 0x0417, 0x0417, 0x0417, 0x0437,
  0x0438, 0x0417, 0x03f7, 0x03f7, 0x0417, 0x03d7, 0x0376, 0x0315, 0x0314, 0x0314, 0x0334, 0x0375, 0x03b6, 0x03b6, 0x03d6, 0x03f7,
  0x0417, 0x0417, 0x0437, 0x0458, 0x0438, 0x0c38, 0x0c38, 0x0c58, 0x1459, 0x1c79, 0x1c99, 0x24ba, 0x24ba, 0x2cda, 0x2cda, 0x2cda,
  0x2cda, 0x24ba, 0x2499, 0x1c59, 0x1438, 0x0bf7, 0x0bb6, 0x0396, 0x0396, 0x0376, 0x0396, 0x0b96, 0x0bd7, 0x1418, 0x1c79, 0x24da,
  0x351b, 0x351b, 0x3d3b, 0x4dbc, 0x5e1e, 0x55dd, 0x4dbd, 0x4dbd, 0x4dbe, 0x459d, 0x457d, 0x3d5c, 0x3d5c, 0x3d3c, 0x353b, 0x353b,
  0x353b, 0x351b, 0x353b, 0x3d5b, 0x3d7c, 0x3d7c, 0x355b, 0x353b, 0x2cfb, 0x24fa, 0x1cda, 0x1cda, 0x1cda, 0x1cda, 0x1cba, 0x1479,
  0x0c59, 0x0438, 0x0438, 0x0458, 0x0c79, 0x1cda, 0x1cfb, 0x251b, 0x2d1c, 0x251b, 0x1cba, 0x0c78, 0x0c38, 0x1458, 0x1cb9, 0x2d1b,
  0x4d9c, 0x457b, 0x24da, 0x0417, 0x0437, 0x0438, 0x0417, 0x0417, 0x0417, 0x03f7, 0x03b6, 0x0376, 0x0355, 0x0355, 0x0376, 0x03d7,
  0x0417, 0x0417, 0x03f7, 0x0395, 0x0334, 0x0334, 0x0314, 0x0396, 0x0437, 0x03f6, 0x03f6, 0x03f7, 0x0417, 0x0418, 0x0417, 0x0417,
  0x0438, 0x0418, 0x03f7, 0x0417, 0x0417, 0x0417, 0x03f8, 0x0356, 0x0315, 0x02f4, 0x02f4, 0x0314, 0x0314, 0x0334, 0x0354, 0x0375,
  0x0395, 0x0396, 0x03b5, 0x0bf7, 0x1478, 0x24da, 0x2cfb, 0x2d1b, 0x353b, 0x3d5c, 0x457c, 0x457c, 0x457c, 0x457c, 0x4d7c, 0x4d7c,
  0x4d9c, 0x4d9c, 0x55bd, 0x55dd, 0x55dd, 0x55dd, 0x55bd, 0x4dbd, 0x457d, 0x3d3c, 0x34fb, 0x2cdb, 0x2cdb, 0x2cdb, 0x24da, 0x1cb9,
  0x1c98, 0x2cd9, 0x457b, 0x559c, 0x5ddd, 0x65fe, 0x5ddd, 0x55dd, 0x559c, 0x4d9c, 0x4d9c, 0x459c, 0x457c, 0x3d7b, 0x3d5b, 0x3d5a,
  0x3d5b, 0x453b, 0x453b, 0x453b, 0x453b, 0x455b, 0x457c, 0x4d9c, 0x55bc, 0x4dbc, 0x4dbc, 0x4dbc, 0x55fe, 0x561e, 0x4ddd, 0x459d,
  0x4dbe, 0x4ddd, 0x459d, 0x3d5b, 0x457c, 0x4dbd, 0x4dbd, 0x457c, 0x351c, 0x24ba, 0x1c99, 0x24da, 0x2d3b, 0x353c, 0x2cda, 0x1c38,
  0x3d3b, 0x3d7c, 0x24fa, 0x0437, 0x0417, 0x0417, 0x03f6, 0x03f6, 0x0417, 0x0417, 0x0417, 0x03f7, 0x03f7, 0x03f7, 0x0417, 0x0418,
  0x0417, 0x03f7, 0x03d6, 0x0355, 0x0314, 0x02f4, 0x0314, 0x0355, 0x03f6, 0x0417, 0x03f7, 0x03f7, 0x03f7, 0x0417, 0x0458, 0x0438,
  0x0438, 0x0c59, 0x0c58, 0x0417, 0x0417, 0x0417, 0x0417, 0x0418, 0x0397, 0x0335, 0x0315, 0x0314, 0x02f4, 0x0334, 0x0314, 0x0334,
  0x0334, 0x0334, 0x1c17, 0x457c, 0x5dfe, 0x5e1e, 0x55fd, 0x55dd, 0x55dd, 0x55dd, 0x5ddd, 0x55dd, 0x55dd, 0x55dd, 0x55dd, 0x55dc,
  0x55bd, 0x55bc, 0x4d9c, 0x457b, 0x3d5b, 0x3d5b, 0x3d7b, 0x459c, 0x4dbd, 0x55fe, 0x55fe, 0x55fe, 0x457c, 0x3d1b, 0x34fa, 0x3d3b,
  0x55bd, 0x55dd, 0x4dbc, 0x4d7c, 0x4d5b, 0x557b, 0x457b, 0x455b, 0x4d7c, 0x55bc, 0x55bc, 0x55bc, 0x4d9c, 0x459c, 0x455b, 0x455b,
  0x455b, 0x453b, 0x453b, 0x453b, 0x3d3b, 0x3d3b, 0x351b, 0x351b, 0x3d1b, 0x3d3b, 0x3d3b, 0x455b, 0x455b, 0x4d7b, 0x455b, 0x4d9b,
  0x5dfd, 0x6e5e, 0x6e5e, 0x663d, 0x5dfd, 0x55dd, 0x457c, 0x3d3b, 0x451a, 0x459c, 0x459d, 0x2d1b, 0x1c79, 0x0bd6, 0x0375, 0x0355,
  0x1c98, 0x1cb9, 0x1cda, 0x0c58, 0x03f6, 0x03d6, 0x03d6, 0x03d6, 0x03d6, 0x03f6, 0x03f7, 0x03f7, 0x03f7, 0x0417, 0x03f7, 0x03f7,
  0x03f7, 0x03f7, 0x03b6, 0x0334, 0x0314, 0x0314, 0x0314, 0x0314, 0x0396, 0x03f7, 0x0417, 0x0438, 0x0417, 0x0417, 0x1499, 0x14b9,
  0x1498, 0x14d9, 0x0c57, 0x0c78, 0x0c78, 0x0c78, 0x0c79, 0x0c59, 0x0c38, 0x03b6, 0x0355, 0x0334, 0x0314, 0x0314, 0x0335, 0x0335,
  0x0b75, 0x2cb9, 0x55de, 0x55dd, 0x4dbc, 0x4d9c, 0x457b, 0x457b, 0x4d7c, 0x4d9c, 0x4d9c, 0x4d7c, 0x4d9c, 0x4d9c, 0x4d9c, 0x4dbc,
  0x55bd, 0x55dd, 0x55dd, 0x5ddd, 0x5dfd, 0x55bd, 0x4d7c, 0x3d3b, 0x34d9, 0x34d9, 0x3d1a, 0x4d7b, 0x5dfd, 0x55dd, 0x4d9c, 0x4dbd,
  0x2cfa, 0x0c38, 0x1c79, 0x3d1b, 0x4d5c, 0x4d7c, 0x351b, 0x1cd9, 0x24b8, 0x24d9, 0x2cf9, 0x3519, 0x457b, 0x4d9c, 0x55bc, 0x55bd,
  0x559c, 0x559c, 0x559c, 0x559c, 0x559c, 0x559c, 0x4d7c, 0x4d7b, 0x4d5b, 0x455b, 0x453b, 0x3d3b, 0x3d5b, 0x3d5c, 0x3d3b, 0x3d3b,
  0x455b, 0x455b, 0x55bc, 0x661d, 0x663e, 0x55dd, 0x4dbd, 0x4dde, 0x55fd, 0x4dbd, 0x24ba, 0x03b6, 0x0375, 0x0375, 0x0375, 0x0355,
  0x0c78, 0x0437, 0x0457, 0x0417, 0x0395, 0x0355, 0x0355, 0x0334, 0x0354, 0x0355, 0x0395, 0x03b6, 0x03b6, 0x03d7, 0x03f7, 0x03f7,
  0x03d6, 0x03b6, 0x0375, 0x0334, 0x0314, 0x0314, 0x0335, 0x0335, 0x0356, 0x03d7, 0x0438, 0x0458, 0x0479, 0x0c78, 0x24fa, 0x1c99,
  0x2cd9, 0x353a, 0x0bf5, 0x0395, 0x2498, 0x353b, 0x3d5c, 0x353b, 0x2d1b, 0x1c99, 0x03d6, 0x0396, 0x0396, 0x0396, 0x0bd7, 0x2479,
  0x3d3c, 0x459d, 0x3d5c, 0x353b, 0x351a, 0x34fa, 0x2cd9, 0x2cda, 0x2cda, 0x2cda, 0x2cda, 0x2cfa, 0x2cfa, 0x2d1a, 0x351a, 0x34fa,
  0x351a, 0x3d1a, 0x3d1a, 0x3d1a, 0x455b, 0x4d7c, 0x5ddd, 0x5dfe, 0x5e1e, 0x5dfe, 0x55dd, 0x55bc, 0x55dc, 0x665e, 0x6e5e, 0x55dd,
  0x24fb, 0x0c18, 0x3d7c, 0x76df, 0x7edf, 0x6e5f, 0x55bd, 0x353b, 0x1cfa, 0x14b9, 0x0c78, 0x0c78, 0x1478, 0x1498, 0x24d9, 0x2cfa,
  0x453b, 0x4d7b, 0x4d9c, 0x4d7b, 0x4d9c, 0x559b, 0x559c, 0x55bc, 0x55dc, 0x55dc, 0x55dd, 0x55dd, 0x4dbd, 0x4d9d, 0x4d9d, 0x457c,
  0x4d7c, 0x55bd, 0x5ddd, 0x661e, 0x663e, 0x663f, 0x663f, 0x55fe, 0x3d7c, 0x24ba, 0x0bf7, 0x03b6, 0x0375, 0x0375, 0x0375, 0x0355,
  0x0478, 0x0437, 0x0437, 0x0417, 0x0395, 0x0314, 0x0314, 0x02f3, 0x0314, 0x02f4, 0x0314, 0x0334, 0x0355, 0x0375, 0x0375, 0x0375,
  0x0355, 0x0354, 0x0334, 0x0314, 0x02f4, 0x0314, 0x0376, 0x0bf8, 0x0397, 0x03d7, 0x0c38, 0x1499, 0x24fa, 0x353b, 0x3d5b, 0x1416,
  0x0b74, 0x2c78, 0x2438, 0x0354, 0x0353, 0x2457, 0x5dfd, 0x665e, 0x55fe, 0x459d, 0x1c79, 0x03f7, 0x03f7, 0x0c18, 0x1499, 0x1cda,
  0x1c99, 0x1437, 0x0c37, 0x0c37, 0x0c17, 0x0c17, 0x0c17, 0x0c17, 0x0c17, 0x0c38, 0x1458, 0x1479, 0x1c99, 0x1cb9, 0x24b9, 0x24d9,
  0x24d9, 0x24d9, 0x24d9, 0x24d9, 0x24d9, 0x24d9, 0x2cd9, 0x2cd9, 0x34fa, 0x3d5b, 0x4d9c, 0x55dc, 0x55bc, 0x5dfc, 0x7ebf, 0x6e5e,
  0x457d, 0x2cda, 0x3d39, 0x767c, 0x8f1e, 0x8eff, 0x767e, 0x5dbc, 0x455b, 0x34fa, 0x24fa, 0x1cba, 0x1499, 0x0c98, 0x0c78, 0x0c78,
  0x1478, 0x1c99, 0x1cb9, 0x24d9, 0x24b9, 0x24b9, 0x2cd9, 0x2cd9, 0x34fa, 0x351a, 0x3d3a, 0x4d9c, 0x5dfd, 0x661d, 0x6e3e, 0x6e3e,
  0x6e5e, 0x6e5e, 0x767e, 0x7ebf, 0x7ebf, 0x769f, 0x661d, 0x4dbc, 0x355c, 0x24da, 0x0c18, 0x0376, 0x0335, 0x0334, 0x0314, 0x0314,
  0x0458, 0x0417, 0x03f7, 0x0417, 0x03d6, 0x0354, 0x0314, 0x02f3, 0x02f4, 0x02f4, 0x02f4, 0x0314, 0x02f4, 0x02f4, 0x0314, 0x0314,
  0x0314, 0x0314, 0x0314, 0x0314, 0x02f4, 0x0314, 0x0355, 0x1439, 0x1c9a, 0x1478, 0x1c99, 0x351b, 0x4d9c, 0x55bc, 0x663d, 0x3d19,
  0x0354, 0x0354, 0x0395, 0x0375, 0x0374, 0x0374, 0x2477, 0x5e1d, 0x665f, 0x4dbd, 0x1c79, 0x03b6, 0x03f7, 0x0c79, 0x0c57, 0x0417,
  0x0c17, 0x0437, 0x0417, 0x0417, 0x0417, 0x03f7, 0x03f7, 0x03d7, 0x03d7, 0x03d7, 0x03d6, 0x03d6, 0x03d6, 0x03f7, 0x03f7, 0x03f7,
  0x0417, 0x0c37, 0x0c37, 0x0c57, 0x0c58, 0x0c58, 0x0c57, 0x0c57, 0x1457, 0x1458, 0x1c78, 0x24b9, 0x455b, 0x55dc, 0x6e5e, 0x6e3e,
  0x455b, 0x3d5b, 0x2cd9, 0x1c37, 0x453a, 0x6e5d, 0x769e, 0x767e, 0x6e1e, 0x559c, 0x453b, 0x351b, 0x24da, 0x1cb9, 0x1499, 0x1499,
  0x1499, 0x1499, 0x1499, 0x1499, 0x1c99, 0x1cb9, 0x24d9, 0x2cda, 0x2cfa, 0x351b, 0x3d3b, 0x4d7b, 0x55bc, 0x661c, 0x765d, 0x7e9e,
  0x7ebf, 0x86ff, 0x7eff, 0x767e, 0x5ddc, 0x4d9b, 0x4d9b, 0x4ddd, 0x3d9d, 0x1cba, 0x03d7, 0x0356, 0x0335, 0x0314, 0x0314, 0x0314,
  0x0458, 0x0417, 0x03f7, 0x03f7, 0x0417, 0x03b6, 0x0334, 0x02f4, 0x02f4, 0x02f4, 0x02f4, 0x02f4, 0x0314, 0x02f4, 0x02f4, 0x02f4,
  0x0314, 0x0314, 0x0314, 0x0314, 0x0314, 0x0314, 0x0335, 0x0bf7, 0x24fa, 0x2d1b, 0x353b, 0x55bd, 0x5ddd, 0x44d8, 0x65fc, 0x663d,
  0x2c98, 0x0374, 0x0375, 0x0396, 0x0396, 0x0375, 0x0375, 0x1c37, 0x351a, 0x2cf9, 0x1c57, 0x1437, 0x24da, 0x353c, 0x353c, 0x3d5c,
  0x251b, 0x1cba, 0x0c79, 0x0458, 0x0459, 0x0459, 0x0c79, 0x0c59, 0x0c59, 0x0c59, 0x0438, 0x0438, 0x0417, 0x03f7, 0x03f7, 0x03d6,
  0x03d7, 0x03d6, 0x03d6, 0x03d6, 0x03d6, 0x03d6, 0x03d6, 0x03f6, 0x03f6, 0x03d6, 0x03f6, 0x03f6, 0x1437, 0x3d1a, 0x5dfd, 0x661d,
  0x455b, 0x3d3a, 0x3d9d, 0x1c9a, 0x0c38, 0x2d19, 0x455a, 0x559c, 0x661e, 0x665e, 0x5e1e, 0x4d9d, 0x3d3c, 0x2cfb, 0x2cda, 0x2cda,
  0x34fa, 0x3d3b, 0x459c, 0x4dbd, 0x4dbd, 0x4dbd, 0x55de, 0x4dbd, 0x4dbd, 0x4dbd, 0x4dbc, 0x4d9c, 0x4dbc, 0x55bc, 0x55fd, 0x665e,
  0x6e7f, 0x55dc, 0x34f9, 0x1c37, 0x1c57, 0x1458, 0x1cb9, 0x24fa, 0x1cb9, 0x0c17, 0x0396, 0x0376, 0x0335, 0x0315, 0x0315, 0x0315,
  0x0458, 0x03f7, 0x03d7, 0x03f7, 0x0438, 0x0417, 0x0375, 0x0314, 0x0314, 0x0314, 0x0314, 0x0314, 0x0314, 0x0334, 0x0334, 0x0334,
  0x0314, 0x0314, 0x0334, 0x0334, 0x0334, 0x0335, 0x0355, 0x03b6, 0x24da, 0x357d, 0x353b, 0x457c, 0x5e1e, 0x2c57, 0x2c77, 0x5e3e,
  0x5e1d, 0x1c16, 0x0354, 0x0376, 0x0356, 0x0356, 0x0355, 0x0b95, 0x2498, 0x457b, 0x55fd, 0x561e, 0x4dbd, 0x455c, 0x455c, 0x3d1b,
  0x2cda, 0x1cb9, 0x1499, 0x0c78, 0x0458, 0x0458, 0x0458, 0x0458, 0x0458, 0x0458, 0x0458, 0x0c58, 0x0c79, 0x0c79, 0x0c79, 0x0c79,
  0x0c38, 0x0418, 0x0417, 0x03f7, 0x03d6, 0x03b7, 0x03b7, 0x03b7, 0x03d6, 0x03d7, 0x03f7, 0x03f7, 0x03f6, 0x1417, 0x3d3a, 0x55fd,
  0x55bc, 0x3d3a, 0x353b, 0x2d1b, 0x0c37, 0x0c57, 0x24b8, 0x2cb8, 0x3d3a, 0x5dfd, 0x665e, 0x663e, 0x661e, 0x5dfd, 0x5dfe, 0x5e1e,
  0x663e, 0x665f, 0x5e3e, 0x55fd, 0x4d9c, 0x457b, 0x3d5b, 0x3d3a, 0x351a, 0x34fa, 0x351a, 0x351a, 0x353b, 0x353b, 0x2d1a, 0x2d1a,
  0x2458, 0x0bb6, 0x0395, 0x03b6, 0x03b6, 0x03b6, 0x0395, 0x03b6, 0x0bf6, 0x0c58, 0x0c38, 0x03d7, 0x0396, 0x0356, 0x0335, 0x0315,
  0x0458, 0x0417, 0x03f7, 0x0438, 0x0c79, 0x0438, 0x0396, 0x0335, 0x0335, 0x0355, 0x0355, 0x0376, 0x0bb6, 0x0bd7, 0x0bd7, 0x03b6,
  0x0396, 0x0396, 0x0396, 0x0395, 0x0375, 0x0396, 0x0bd7, 0x0bf7, 0x1439, 0x2cdb, 0x24ba, 0x24fa, 0x45bd, 0x2cfa, 0x0394, 0x1436,
  0x2cd9, 0x1c58, 0x0396, 0x03b7, 0x1c39, 0x1c59, 0x2c99, 0x455b, 0x663e, 0x6e7f, 0x6e5f, 0x4d9c, 0x3d1a, 0x34fa, 0x34fa, 0x351b,
  0x34fa, 0x2cfa, 0x24fa, 0x1cd9, 0x14b9, 0x1499, 0x0c99, 0x0c78, 0x0c78, 0x0c78, 0x0c98, 0x0c98, 0x0478, 0x0458, 0x0458, 0x0458,
  0x0498, 0x0c99, 0x0c99, 0x0c99, 0x0c58, 0x0418, 0x03d7, 0x03b6, 0x03b6, 0x03b6, 0x03d7, 0x03d7, 0x03f7, 0x03f6, 0x1457, 0x3d5a,
  0x55db, 0x4d7c, 0x3d1c, 0x2cfb, 0x0c37, 0x03f7, 0x0c78, 0x1498, 0x1c78, 0x2cd9, 0x351a, 0x455a, 0x4d9b, 0x4dbc, 0x4dbc, 0x3d7b,
  0x353a, 0x3519, 0x2cf9, 0x24b8, 0x1477, 0x0c37, 0x0c16, 0x0416, 0x03f6, 0x03f6, 0x0417, 0x0417, 0x03f6, 0x03d6, 0x03d6, 0x03d6,
  0x0375, 0x0375, 0x0376, 0x0376, 0x0355, 0x0355, 0x0355, 0x0375, 0x03b5, 0x0c37, 0x1499, 0x14ba, 0x0c58, 0x03b7, 0x0376, 0x0356,
  0x0c17, 0x1499, 0x0c78, 0x0c78, 0x14ba, 0x1479, 0x0418, 0x03f7, 0x0bf7, 0x0c17, 0x0c17, 0x0bf7, 0x0bf7, 0x0bf7, 0x03f7, 0x03f7,
  0x03d6, 0x0bd7, 0x03d6, 0x03d7, 0x03d6, 0x03d7, 0x03d7, 0x0396, 0x0bf7, 0x24da, 0x1cda, 0x0c58, 0x0c58, 0x1cba, 0x0c37, 0x03b5,
  0x1417, 0x24ba, 0x2cda, 0x55bc, 0x971f, 0xa75f, 0x9f3f, 0x8eff, 0x7ebf, 0x663e, 0x5dfd, 0x457c, 0x2cfa, 0x2cda, 0x2cda, 0x351b,
  0x34fa, 0x34fa, 0x2cfa, 0x2cfb, 0x2cda, 0x24ba, 0x24b9, 0x1cb9, 0x24da, 0x24da, 0x24da, 0x24da, 0x1cb9, 0x1cb9, 0x1499, 0x0c58,
  0x0478, 0x0458, 0x0458, 0x0479, 0x1499, 0x14b9, 0x0c59, 0x03f7, 0x03b7, 0x03b7, 0x03b7, 0x03d7, 0x03d6, 0x03f7, 0x03f6, 0x1478,
  0x3d3a, 0x457b, 0x455c, 0x353b, 0x1438, 0x03d6, 0x0417, 0x0457, 0x0437, 0x0437, 0x0437, 0x0437, 0x0c57, 0x0c37, 0x0c17, 0x03f6,
  0x03f6, 0x03f6, 0x03f6, 0x03d6, 0x03d6, 0x03d6, 0x03d6, 0x03d6, 0x03d7, 0x03d7, 0x03d6, 0x03d6, 0x0396, 0x03b6, 0x03d7, 0x03d7,
  0x0396, 0x0355, 0x0355, 0x0355, 0x0355, 0x0355, 0x0355, 0x0355, 0x0375, 0x0375, 0x0bd6, 0x1478, 0x24d9, 0x24da, 0x1458, 0x03d7,
  0x0333, 0x2c98, 0x3d5c, 0x3d5c, 0x353c, 0x1cb9, 0x0437, 0x03f7, 0x03b6, 0x0396, 0x0396, 0x0396, 0x0396, 0x0375, 0x0375, 0x0376,
  0x0376, 0x0396, 0x03b6, 0x03d7, 0x0418, 0x1479, 0x1479, 0x03f7, 0x03b6, 0x1c79, 0x1cba, 0x1cba, 0x1c99, 0x2499, 0x351b, 0x4dbd,
  0x663f, 0x769f, 0x7edf, 0x971f, 0xbfbf, 0xc7ff, 0xb7bf, 0xa77f, 0x973f, 0x86bf, 0x767e, 0x5dfd, 0x455b, 0x3d1a, 0x3d1a, 0x3d1a,
  0x351b, 0x34fb, 0x2cfa, 0x2cfa, 0x351a, 0x2cfb, 0x2cfb, 0x2cfb, 0x2cfa, 0x2cfb, 0x2cfb, 0x2cfb, 0x2cfa, 0x2cfa, 0x24fa, 0x1cda,
  0x1cba, 0x1499, 0x0458, 0x0458, 0x0c58, 0x1499, 0x1499, 0x0438, 0x03d7, 0x03b7, 0x03b7, 0x03b7, 0x03d6, 0x03d6, 0x03f6, 0x03f7,
  0x1457, 0x24d9, 0x353a, 0x459c, 0x2cfb, 0x03d7, 0x03f7, 0x0417, 0x03f7, 0x03f7, 0x03f6, 0x03f7, 0x03f6, 0x03d6, 0x03b6, 0x03b6,
  0x03b6, 0x03b6, 0x03b6, 0x03b6, 0x03b6, 0x03b6, 0x03b6, 0x03b6, 0x03b6, 0x03b6, 0x03b6, 0x03b6, 0x03b6, 0x0396, 0x03d7, 0x03d6,
  0x0375, 0x0355, 0x0355, 0x0355, 0x0335, 0x0335, 0x0335, 0x0335, 0x0355, 0x0355, 0x0354, 0x0395, 0x03d6, 0x1478, 0x24fa, 0x24fb,
  0x0314, 0x0b94, 0x455b, 0x5e1e, 0x457b, 0x24b9, 0x0c18, 0x03d7, 0x03b6, 0x03b6, 0x0396, 0x0396, 0x0396, 0x03b6, 0x0396, 0x03b6,
  0x03b7, 0x0396, 0x03b6, 0x03d6, 0x0438, 0x14b9, 0x14b9, 0x0c79, 0x0bf7, 0x1c59, 0x3d5c, 0x55fe, 0x5dfe, 0x663e, 0x767f, 0x767f,
  0x765e, 0x86bf, 0xa77f, 0xaf9f, 0xb79f, 0xa73e, 0x96dd, 0x8ebe, 0x8ebe, 0x8ebe, 0x8eff, 0x86df, 0x767f, 0x661e, 0x5ddd, 0x55bc,
  0x4d9c, 0x455b, 0x3d3b, 0x3d3b, 0x34fb, 0x34fb, 0x34fb, 0x34fb, 0x34fa, 0x34fa, 0x34fb, 0x34fb, 0x351a, 0x351b, 0x351b, 0x2cfb,
  0x2cda, 0x24da, 0x1c99, 0x1499, 0x1478, 0x0c78, 0x1499, 0x0c79, 0x0417, 0x03d7, 0x03d6, 0x03b6, 0x03b6, 0x03d6, 0x03d6, 0x03f7,
  0x0417, 0x0416, 0x1457, 0x2cfa, 0x353c, 0x0c17, 0x03f7, 0x0438, 0x0417, 0x03f7, 0x03d7, 0x03d6, 0x03b6, 0x03b6, 0x0396, 0x03b6,
  0x03b6, 0x03b6, 0x03b6, 0x0396, 0x03b6, 0x03b6, 0x03b6, 0x0396, 0x0396, 0x0396, 0x0396, 0x0396, 0x03b6, 0x03b6, 0x0bf7, 0x0396,
  0x0355, 0x0335, 0x0335, 0x0335, 0x0335, 0x0335, 0x0334, 0x0334, 0x0334, 0x0335, 0x0335, 0x0354, 0x0354, 0x0374, 0x03b5, 0x1457,
  0x0316, 0x0335, 0x1c17, 0x3d5b, 0x353a, 0x1c99, 0x0c38, 0x0c39, 0x1438, 0x1c58, 0x1c79, 0x2cba, 0x34fa, 0x351a, 0x3d3b, 0x3d5c,
  0x3d1b, 0x2cda, 0x2499, 0x24b9, 0x24b9, 0x1cb9, 0x1478, 0x1c99, 0x249a, 0x3d3b, 0x665f, 0x6e7f, 0x6e3e, 0x765e, 0x765e, 0x6dfd,
  0x6e1d, 0x86df, 0xa75f, 0x9f3f, 0x96ff, 0x86df, 0x86be, 0x7e9e, 0x86be, 0x7e9e, 0x7ebf, 0x7e9e, 0x7e9f, 0x7ebf, 0x86df, 0x86ff,
  0x86df, 0x769e, 0x6e5e, 0x5dfe, 0x55bd, 0x4d7c, 0x3d3b, 0x3d3b, 0x3d1b, 0x351b, 0x34fb, 0x2cfa, 0x34fa, 0x34fa, 0x34fa, 0x34fa,
  0x34fa, 0x34fb, 0x2cfa, 0x2cfa, 0x2cfa, 0x24fa, 0x1cda, 0x1499, 0x0438, 0x03f7, 0x03d7, 0x03d6, 0x03b6, 0x03b6, 0x03d6, 0x03f7,
  0x0418, 0x03b6, 0x0374, 0x0374, 0x0375, 0x0395, 0x0438, 0x0c79, 0x0418, 0x03f7, 0x03d7, 0x03b6, 0x0396, 0x0396, 0x0396, 0x0396,
  0x0396, 0x0396, 0x0396, 0x0396, 0x0395, 0x0396, 0x0396, 0x0396, 0x0396, 0x0376, 0x0376, 0x0396, 0x03b6, 0x0417, 0x03b6, 0x0355,
  0x0335, 0x0335, 0x0335, 0x0314, 0x0314, 0x0334, 0x0334, 0x0334, 0x0334, 0x0334, 0x0335, 0x0335, 0x0355, 0x0355, 0x0354, 0x0374,
  0x0376, 0x13d7, 0x0375, 0x0bf7, 0x24ba, 0x2d1b, 0x3d7c, 0x55fd, 0x663e, 0x6e7f, 0x6e7f, 0x6e7f, 0x6e3e, 0x661e, 0x767f, 0x7e9f,
  0x6e7f, 0x6e7f, 0x6e7f, 0x6e7f, 0x5e3e, 0x4dbd, 0x457c, 0x457c, 0x459d, 0x55bd, 0x55bc, 0x5dfd, 0x661d, 0x661d, 0x661d, 0x5dfd,
  0x5e1e, 0x7ebf, 0x971f, 0x8ede, 0x7ebe, 0x7ebf, 0x7ebf, 0x7e7e, 0x769e, 0x769e, 0x767e, 0x7e9e, 0x86be, 0x8eff, 0x96ff, 0x971f,
  0xa73f, 0xa75f, 0x9f3f, 0x8f1f, 0x7edf, 0x6e7f, 0x5dfe, 0x559d, 0x455b, 0x3d3b, 0x351b, 0x2cda, 0x2cfa, 0x2cfa, 0x2cfa, 0x34fa,
  0x34fa, 0x3d1b, 0x3d3b, 0x3d3b, 0x3d3b, 0x3d3b, 0x351b, 0x24da, 0x0c79, 0x0418, 0x0418, 0x03f7, 0x03d7, 0x03b6, 0x03b6, 0x03f7,
  0x03d8, 0x0375, 0x0334, 0x0334, 0x0334, 0x0395, 0x0417, 0x0458, 0x0438, 0x0417, 0x03d7, 0x03b6, 0x0396, 0x0396, 0x03b6, 0x03b6,
  0x0396, 0x0396, 0x0396, 0x0396, 0x0396, 0x0376, 0x0395, 0x0375, 0x0375, 0x0375, 0x0396, 0x0396, 0x0417, 0x0417, 0x0375, 0x0335,
  0x0335, 0x0335, 0x0335, 0x0314, 0x0314, 0x0314, 0x0314, 0x0314, 0x0334, 0x0334, 0x0315, 0x0335, 0x0335, 0x0335, 0x0334, 0x0354,
  0x2cba, 0x455b, 0x4d7b, 0x559c, 0x661e, 0x663e, 0x767f, 0x7e9f, 0x7e9f, 0x767e, 0x767e, 0x6e5e, 0x661d, 0x661d, 0x661d, 0x6e3e,
  0x6e5e, 0x765e, 0x6e5e, 0x6e3d, 0x6e3e, 0x661e, 0x55bd, 0x4d5c, 0x457b, 0x455b, 0x455b, 0x453a, 0x457b, 0x4dbc, 0x5e1e, 0x665f,
  0x665f, 0x769f, 0x8f1f, 0x86de, 0x7e7e, 0x7ebe, 0x7e9e, 0x763c, 0x6e5d, 0x6e5d, 0x767d, 0x86de, 0x971f, 0x971f, 0x9f1e, 0xa73f,
  0xaf5f, 0xa75f, 0x9f5f, 0x971f, 0x86df, 0x7ebf, 0x7ebf, 0x767f, 0x663e, 0x55bd, 0x457c, 0x3d3c, 0x353b, 0x351b, 0x351a, 0x3d1b,
  0x3d1a, 0x351a, 0x3d5b, 0x457c, 0x4d9c, 0x4d7b, 0x455c, 0x351b, 0x1cda, 0x0c79, 0x0479, 0x0c59, 0x0418, 0x03d7, 0x03b7, 0x03f8,
  0x03b7, 0x0355, 0x0335, 0x0b35, 0x0355, 0x0375, 0x0c17, 0x0c78, 0x0458, 0x0438, 0x0417, 0x03f7, 0x03d7, 0x03d7, 0x03d7, 0x03b6,
  0x0396, 0x0376, 0x0396, 0x0396, 0x0396, 0x0396, 0x0396, 0x0395, 0x0396, 0x0396, 0x03b6, 0x03f7, 0x0418, 0x03b6, 0x0335, 0x0335,
  0x0335, 0x0335, 0x0315, 0x0314, 0x0314, 0x0314, 0x0334, 0x0334, 0x0334, 0x0334, 0x0335, 0x0335, 0x0335, 0x0335, 0x0355, 0x0355,
  0x4d7d, 0x6e1e, 0xaf9f, 0xbfff, 0x971e, 0x765d, 0x6e3d, 0x6e3e, 0x661d, 0x661d, 0x663d, 0x663e, 0x665e, 0x5e5e, 0x5e3e, 0x667f,
  0x6e5f, 0x6e7f, 0x6e7f, 0x6e5e, 0x663e, 0x661e, 0x5dfe, 0x4d9c, 0x455b, 0x3d5b, 0x3d3a, 0x351a, 0x2cfa, 0x351a, 0x3d5c, 0x4dbd,
  0x4dbd, 0x55dc, 0x769f, 0x8f1f, 0x8f1f, 0x86df, 0x86df, 0x86df, 0x769f, 0x767e, 0x7e9e, 0x86df, 0x8eff, 0x971f, 0x9f3f, 0x9f5f,
  0x9f5f, 0x973f, 0x8eff, 0x869f, 0x7e9f, 0x7e9e, 0x86de, 0x8f1f, 0x8f1f, 0x769f, 0x663f, 0x5e1e, 0x55dd, 0x4dbd, 0x4d7c, 0x455b,
  0x457b, 0x457b, 0x457b, 0x4d9c, 0x55bc, 0x55bc, 0x4d7c, 0x455c, 0x351b, 0x1cb9, 0x0c99, 0x14da, 0x1c9a, 0x0c38, 0x03f7, 0x03f8,
  0x03b7, 0x0355, 0x0335, 0x0335, 0x0335, 0x0355, 0x0c17, 0x1499, 0x0458, 0x0438, 0x0438, 0x0418, 0x0417, 0x03f8, 0x03f7, 0x03b7, 
  0x0396, 0x0396, 0x0396, 0x0396, 0x0396, 0x0396, 0x0396, 0x0395, 0x0396, 0x03b6, 0x03f7, 0x0438, 0x03f7, 0x0355, 0x0335, 0x0335,
  0x0335, 0x0335, 0x0314, 0x0314, 0x0314, 0x0314, 0x0334, 0x0334, 0x0335, 0x0314, 0x0335, 0x0335, 0x0335, 0x0335, 0x0335, 0x0335,
  0x459c, 0x6e3d, 0xb77f, 0xc7bf, 0xb75f, 0x96ff, 0x7e9f, 0x663e, 0x661d, 0x6e3e, 0x6e5f, 0x5e1e, 0x4dbc, 0x34fa, 0x2cb9, 0x2478,
  0x2499, 0x2cda, 0x3d3a, 0x4d9c, 0x55fd, 0x55fd, 0x55dc, 0x4d9b, 0x3d3b, 0x353b, 0x2d1b, 0x2cfa, 0x2cda, 0x2cda, 0x34fa, 0x34fa,
  0x34fa, 0x351b, 0x4d9c, 0x663e, 0x769f, 0x767e, 0x767f, 0x769f, 0x6e5f, 0x663e, 0x661e, 0x663e, 0x6e3e, 0x765e, 0x767f, 0x767f,
  0x7e7f, 0x769f, 0x769e, 0x7ebf, 0x7ebf, 0x8f1f, 0x971f, 0x971f, 0x8eff, 0x7e9f, 0x6e3e, 0x5dfe, 0x5e1e, 0x663e, 0x663e, 0x5dfd,
  0x55bd, 0x4d9c, 0x4dbc, 0x55bc, 0x5ddc, 0x5ddc, 0x55dd, 0x457c, 0x3d1b, 0x24b9, 0x1498, 0x14b9, 0x24da, 0x1c99, 0x0c59, 0x0c58,
  0x03f7, 0x0375, 0x0355, 0x0335, 0x0335, 0x0355, 0x0bd6, 0x24d9, 0x1499, 0x0c78, 0x0c78, 0x0459, 0x0c79, 0x0c59, 0x0418, 0x03d7,
  0x03b7, 0x03b6, 0x03b6, 0x0396, 0x03b6, 0x0396, 0x0395, 0x0395, 0x03b6, 0x03d6, 0x0437, 0x0438, 0x0396, 0x0335, 0x0335, 0x0334,
  0x0335, 0x0335, 0x0314, 0x0314, 0x0314, 0x0334, 0x0334, 0x0334, 0x0335, 0x0335, 0x0335, 0x0335, 0x0335, 0x0355, 0x0355, 0x0355,
  0x2cd9, 0x5ddc, 0x96ff, 0x96df, 0xa6fe, 0xb79f, 0x9f3f, 0x6e5e, 0x55fe, 0x457c, 0x351b, 0x24ba, 0x0c17, 0x03b5, 0x0396, 0x0396,
  0x0396, 0x0396, 0x0bf7, 0x1c58, 0x351a, 0x4dbc, 0x457c, 0x3d3b, 0x351b, 0x351a, 0x2cfa, 0x2cfa, 0x2cfa, 0x2cfa, 0x2cda, 0x2cda,
  0x2cfb, 0x351b, 0x3d5b, 0x4d9d, 0x55de, 0x55be, 0x457c, 0x457b, 0x3d7c, 0x3d5b, 0x3d3b, 0x3d1a, 0x3d1a, 0x3d3b, 0x3d3b, 0x3d3b,
  0x3d3b, 0x3d5b, 0x3d5c, 0x4d9c, 0x5e1d, 0x767f, 0x765e, 0x765e, 0x6e5e, 0x6e3e, 0x663e, 0x663e, 0x6e5e, 0x6e5e, 0x6e7e, 0x7ebf,
  0x767f, 0x663e, 0x663e, 0x5dfe, 0x55dd, 0x5ddd, 0x5ddd, 0x4d9c, 0x3d3b, 0x24d9, 0x1478, 0x1c99, 0x1cb9, 0x1c98, 0x1cb9, 0x1cba,
  0x0c59, 0x0397, 0x0356, 0x0356, 0x0356, 0x0376, 0x0bf7, 0x2cfa, 0x2d1a, 0x24da, 0x24da, 0x24da, 0x2cfb, 0x2d1c, 0x24db, 0x147a,
  0x0418, 0x03f8, 0x03f8, 0x03d8, 0x03b7, 0x0396, 0x0396, 0x0396, 0x03d6, 0x03f7, 0x0437, 0x03f7, 0x0375, 0x0335, 0x0315, 0x0315,
  0x0334, 0x0334, 0x0314, 0x0314, 0x0314, 0x0334, 0x0334, 0x0335, 0x0335, 0x0335, 0x0335, 0x0355, 0x0355, 0x0375, 0x0395, 0x03b6,
  0x24b9, 0x455a, 0x7ebe, 0x971f, 0xa7bf, 0xa79f, 0x5dfc, 0x24b9, 0x2cf9, 0x24b8, 0x1cb9, 0x1cba, 0x1459, 0x03f7, 0x0396, 0x03b7,
  0x03d7, 0x1438, 0x1c99, 0x353b, 0x457c, 0x459c, 0x3d3b, 0x2cfa, 0x2cda, 0x2cda, 0x2cda, 0x2cda, 0x2cfa, 0x2cfb, 0x2cda, 0x2cfa,
  0x353b, 0x3d5b, 0x455c, 0x559d, 0x5dfe, 0x5dde, 0x455c, 0x3d5b, 0x3d5c, 0x353b, 0x34fa, 0x34fa, 0x34fa, 0x34fb, 0x34fa, 0x34fa,
  0x34fa, 0x2cfa, 0x2cda, 0x34fa, 0x455b, 0x5dfd, 0x661e, 0x663e, 0x6e3e, 0x6e5e, 0x6e5f, 0x6e5f, 0x6e5f, 0x6e5e, 0x6e5e, 0x767e,
  0x6e7f, 0x5e3e, 0x4ddd, 0x45bd, 0x457c, 0x4dbd, 0x4ddd, 0x4dbd, 0x457c, 0x2cfa, 0x1c99, 0x1cd9, 0x1cb9, 0x1cb9, 0x1cb9, 0x24da,
  0x0c7a, 0x03d8, 0x0397, 0x0377, 0x0397, 0x03b7, 0x1437, 0x351b, 0x353b, 0x2cfa, 0x34fa, 0x353b, 0x3d7c, 0x3d5c, 0x4dbe, 0x4dde,
  0x2d1c, 0x147a, 0x0418, 0x03f8, 0x03d7, 0x03b7, 0x03b6, 0x03b6, 0x03d7, 0x0417, 0x0438, 0x03f7, 0x0375, 0x0335, 0x0335, 0x0335,
  0x0334, 0x0334, 0x0334, 0x0314, 0x0314, 0x0334, 0x0334, 0x0335, 0x0335, 0x0355, 0x0355, 0x0355, 0x0375, 0x03b5, 0x03f6, 0x0c58,
  0x24ba, 0x3d1a, 0x4d7a, 0x5dfc, 0x5dfc, 0x4d9b, 0x2499, 0x03d7, 0x1c99, 0x24da, 0x24ba, 0x24db, 0x2cfb, 0x2cdb, 0x2cda, 0x34fb,
  0x455c, 0x4dbd, 0x45bd, 0x3d7c, 0x3d5c, 0x3d1b, 0x34fa, 0x351a, 0x2d1b, 0x2cfa, 0x2cda, 0x2cfa, 0x351b, 0x351b, 0x351b, 0x3d5b,
  0x4d7c, 0x55bd, 0x5dde, 0x6e3f, 0x7ebf, 0x769f, 0x5ddd, 0x4d7c, 0x3d5c, 0x351b, 0x2cfa, 0x2cda, 0x2cfa, 0x2cfa, 0x2cfa, 0x34fa,
  0x34fa, 0x34fa, 0x34fa, 0x3d5b, 0x459c, 0x665f, 0x6e9f, 0x665f, 0x661e, 0x5dfe, 0x55dd, 0x4d9d, 0x455b, 0x3d3a, 0x3cfa, 0x34f9,
  0x24da, 0x1458, 0x1478, 0x24b9, 0x24b9, 0x24fa, 0x24fb, 0x2d1b, 0x353b, 0x2d3b, 0x1cba, 0x1499, 0x1cda, 0x1cda, 0x14b9, 0x14ba,
  0x0c79, 0x03d8, 0x0397, 0x0397, 0x03b7, 0x03b7, 0x1458, 0x353b, 0x353b, 0x2cfa, 0x351a, 0x457c, 0x55dd, 0x5dfd, 0x6e5f, 0x6e7f,
  0x4dde, 0x2d1b, 0x0c79, 0x0418, 0x03f8, 0x03f7, 0x03d7, 0x03d7, 0x03d6, 0x03f7, 0x0437, 0x0438, 0x03b6, 0x0335, 0x0335, 0x0335,
  0x0335, 0x0335, 0x0335, 0x0335, 0x0335, 0x0335, 0x0335, 0x0335, 0x0355, 0x0355, 0x0375, 0x0395, 0x03d6, 0x0417, 0x0458, 0x0438,
  0x355c, 0x457c, 0x4d5b, 0x3cfb, 0x249a, 0x3d3c, 0x455b, 0x34fa, 0x453a, 0x55dd, 0x5dfe, 0x5dfd, 0x5e3e, 0x6e7e, 0x6ebf, 0x6e7e,
  0x5dfd, 0x4d7c, 0x3d3b, 0x2cfa, 0x2cfa, 0x34fa, 0x2cfa, 0x2cfa, 0x2d1a, 0x2cfa, 0x34fb, 0x3d5c, 0x3d5c, 0x455b, 0x455b, 0x55dd,
  0x767f, 0x7ebf, 0x86bf, 0x86df, 0x8f1f, 0x8f1f, 0x86df, 0x6e3e, 0x4d9c, 0x3d3b, 0x2cfa, 0x2cfb, 0x2cfb, 0x2cfb, 0x34fa, 0x34fa,
  0x351a, 0x3d3b, 0x457c, 0x4ddd, 0x4dfe, 0x459c, 0x3d7c, 0x355b, 0x2cfa, 0x2cda, 0x24ba, 0x24ba, 0x24ba, 0x24ba, 0x1cba, 0x1cba,
  0x0c7a, 0x0418, 0x03d7, 0x0c17, 0x1499, 0x1499, 0x0438, 0x0418, 0x0c37, 0x1459, 0x0c79, 0x0c79, 0x14ba, 0x14ba, 0x0c79, 0x0c99,
  0x0439, 0x03b7, 0x0397, 0x0397, 0x03b7, 0x03b7, 0x1c78, 0x3d3b, 0x353b, 0x2cfa, 0x351a, 0x4d9c, 0x5dfd, 0x661e, 0x767f, 0x769f,
  0x55fe, 0x355c, 0x0c79, 0x0438, 0x0418, 0x03f7, 0x03d6, 0x03b6, 0x03b6, 0x03b6, 0x03f7, 0x0417, 0x03f7, 0x0376, 0x0355, 0x0335,
  0x0335, 0x0335, 0x0335, 0x0355, 0x0335, 0x0355, 0x0335, 0x0355, 0x0375, 0x0375, 0x0395, 0x03f6, 0x0c38, 0x0c78, 0x0459, 0x0459,
  0x457b, 0x4d7b, 0x4d7b, 0x3d3c, 0x351c, 0x559c, 0x8edd, 0xaf9f, 0x9f5f, 0x8ede, 0x869e, 0x7e9f, 0x7e9f, 0x765e, 0x65fd, 0x65dd, 
  0x5dbc, 0x4d7b, 0x351a, 0x2cda, 0x2cda, 0x34fb, 0x2cfa, 0x2cda, 0x2cd9, 0x34fa, 0x3d3b, 0x4d9d, 0x661e, 0x65fd, 0x661d, 0x7ebf,
  0x7e9f, 0x7e9e, 0x86de, 0x8ede, 0x86be, 0x86be, 0x973f, 0x8eff, 0x6e5f, 0x55bd, 0x457c, 0x353c, 0x351b, 0x351b, 0x3d3b, 0x3d3b,
  0x3d5b, 0x457c, 0x55dd, 0x45bd, 0x24da, 0x0417, 0x1478, 0x1cb9, 0x2499, 0x2cda, 0x2cda, 0x2cfb, 0x2d1b, 0x2cfb, 0x24db, 0x14ba,
  0x0459, 0x03f8, 0x0396, 0x0396, 0x1458, 0x14b9, 0x0438, 0x0417, 0x03f7, 0x03f7, 0x03f7, 0x0418, 0x0c58, 0x0c79, 0x0459, 0x0479,
  0x0419, 0x0397, 0x0376, 0x0396, 0x03b7, 0x03d6, 0x2499, 0x3d3b, 0x351a, 0x34d9, 0x3d1a, 0x4dbc, 0x5dfd, 0x5dfd, 0x6e5f, 0x6e7f, 
  0x55fe, 0x2d3c, 0x0c59, 0x0439, 0x03f8, 0x03d7, 0x03b6, 0x0396, 0x0396, 0x0396, 0x03b6, 0x03d6, 0x03f7, 0x0bf7, 0x03b6, 0x0355,
  0x0355, 0x0355, 0x0355, 0x0355, 0x0355, 0x0355, 0x0355, 0x0375, 0x0395, 0x03d6, 0x1457, 0x24fa, 0x2d1b, 0x251b, 0x24fb, 0x149b,
  0x3d1b, 0x4d7b, 0x455b, 0x3d7c, 0x4d9c, 0x869e, 0xc7df, 0xcfff, 0xbfff, 0xb7bf, 0xa77f, 0x9f5f, 0x973f, 0x86df, 0x7ebe, 0x7e9f,
  0x7ebf, 0x769f, 0x5e1e, 0x457b, 0x3d1b, 0x351b, 0x34fa, 0x2d1a, 0x351a, 0x455b, 0x559d, 0x661e, 0x7ebf, 0x86df, 0x8edf, 0x86df,
  0x767f, 0x767d, 0x86dd, 0x8efe, 0x86de, 0x7e7e, 0x86be, 0x8f1f, 0x8eff, 0x769f, 0x663e, 0x55dd, 0x4dbd, 0x457c, 0x3d5b, 0x455b,
  0x457c, 0x4dbc, 0x5e3e, 0x457c, 0x0c37, 0x0c58, 0x1cba, 0x24da, 0x3d5b, 0x55bc, 0x5dfd, 0x5dfd, 0x55dd, 0x4ddd, 0x457c, 0x2cfa,
  0x0c59, 0x03d7, 0x0396, 0x0396, 0x0c17, 0x14b9, 0x0438, 0x03f7, 0x03f7, 0x03f7, 0x03f7, 0x03f7, 0x03f7, 0x0438, 0x0438, 0x0459,
  0x0419, 0x0397, 0x0376, 0x0397, 0x03b7, 0x03f7, 0x24b9, 0x3d3b, 0x34fa, 0x34d9, 0x3d3a, 0x55bc, 0x5dfd, 0x5e1d, 0x6e3e, 0x6e7f,
  0x5dff, 0x355d, 0x0c7a, 0x0418, 0x03f8, 0x03d7, 0x03b6, 0x0396, 0x0396, 0x0396, 0x0396, 0x0396, 0x03b6, 0x03d7, 0x03d7, 0x03b6,
  0x0375, 0x0375, 0x0375, 0x0355, 0x0375, 0x0396, 0x0396, 0x03d6, 0x0c37, 0x2cfa, 0x459c, 0x4ddd, 0x459d, 0x355c, 0x24db, 0x0c3a,
  0x455c, 0x455c, 0x457c, 0x459d, 0x55bc, 0x8ebe, 0xaf5f, 0x9efe, 0x96ff, 0x8ebf, 0x869e, 0x869e, 0x86be, 0x86de, 0x7ebe, 0x7edf,
  0x7ebf, 0x7edf, 0x7eff, 0x769f, 0x5dfd, 0x4d7c, 0x4d9c, 0x459c, 0x4d9c, 0x55bd, 0x55bd, 0x65fd, 0x86df, 0x9f5f, 0x96ff, 0x86bf,
  0x6e5e, 0x6e3d, 0x6e3d, 0x7e9e, 0x86bf, 0x86bf, 0x7e9e, 0x86bf, 0x8f1f, 0x973f, 0x86df, 0x6e3d, 0x5dfd, 0x5dfd, 0x55dd, 0x55dd,
  0x55fd, 0x663e, 0x76bf, 0x4ddd, 0x1c99, 0x1cba, 0x24fa, 0x351a, 0x55bc, 0x769f, 0x767f, 0x6e3e, 0x661d, 0x661e, 0x5e1e, 0x457c,
  0x1479, 0x03b7, 0x0376, 0x0396, 0x0417, 0x14b9, 0x0438, 0x03f7, 0x03f7, 0x03f7, 0x03f7, 0x03d7, 0x03d7, 0x03f7, 0x03f8, 0x0439, 
  0x03f8, 0x03b7, 0x03b7, 0x03d7, 0x03f7, 0x0418, 0x2cda, 0x3d1a, 0x2cfa, 0x34fa, 0x455b, 0x55dd, 0x661e, 0x6e5e, 0x7e9f, 0x7ebf,
  0x6e5f, 0x4dde, 0x1cfb, 0x0439, 0x03f8, 0x03b7, 0x03b6, 0x0396, 0x0396, 0x0396, 0x0396, 0x0396, 0x03b6, 0x03b6, 0x03d7, 0x03d7,
  0x03b6, 0x0376, 0x0375, 0x0376, 0x0396, 0x03f7, 0x0418, 0x0458, 0x1c99, 0x3d5b, 0x4dbc, 0x4dbc, 0x457c, 0x353c, 0x1cbb, 0x0439,
  0x459b, 0x3d5b, 0x3d5b, 0x3d3b, 0x557b, 0x869d, 0x971e, 0x871f, 0x7ede, 0x7e9e, 0x767e, 0x6e5d, 0x6e3d, 0x6e3d, 0x6e5e, 0x6e5e,
  0x6e3d, 0x6e3d, 0x6e3d, 0x767e, 0x86df, 0x86df, 0x6e5f, 0x55fd, 0x3d5c, 0x34da, 0x559c, 0x86df, 0x9f7f, 0x975f, 0x96ff, 0x869f,
  0x6e5e, 0x6e3e, 0x661e, 0x661d, 0x6e3d, 0x7ebf, 0x86bf, 0x7e9f, 0x869e, 0x8edf, 0x973f, 0x8eff, 0x765e, 0x65fd, 0x5dfe, 0x663e,
  0x6e5e, 0x769f, 0x769f, 0x6e5f, 0x353b, 0x24da, 0x2cda, 0x1416, 0x0bb5, 0x2c78, 0x4d7b, 0x661e, 0x663f, 0x5e3e, 0x55fe, 0x3d7c,
  0x0c79, 0x03b7, 0x0376, 0x03b6, 0x0417, 0x0cb9, 0x0458, 0x0417, 0x03f7, 0x03f7, 0x03d7, 0x03d6, 0x03b6, 0x03d7, 0x03f8, 0x0439,
  0x03f8, 0x03d8, 0x03f8, 0x0418, 0x0438, 0x0438, 0x24da, 0x351a, 0x2cda, 0x351b, 0x457c, 0x55bc, 0x65fd, 0x765d, 0x86be, 0x8eff, 
  0x7ebf, 0x665f, 0x3dbd, 0x149a, 0x03f8, 0x03d7, 0x0396, 0x0396, 0x0396, 0x0396, 0x0396, 0x0396, 0x0396, 0x03b6, 0x03d6, 0x03d7,
  0x03f7, 0x03b6, 0x0376, 0x0396, 0x03b6, 0x0417, 0x0458, 0x0498, 0x24fa, 0x3d5b, 0x4d9c, 0x4d9c, 0x3d5b, 0x2d3b, 0x14ba, 0x0419,
  0x1c99, 0x1c99, 0x24b9, 0x2cd9, 0x55dd, 0x7eff, 0x7ebe, 0x6e3d, 0x65fd, 0x5ddc, 0x4d9c, 0x457b, 0x455b, 0x4d7b, 0x55bc, 0x5dbd,
  0x5dbc, 0x5ddc, 0x5dfd, 0x6e5d, 0x86be, 0x8eff, 0x8f1f, 0x6e7f, 0x2d3c, 0x2cfa, 0x6e7e, 0x8f1f, 0x86ff, 0x7e9e, 0x6e5d, 0x65fd,
  0x65fd, 0x5ddd, 0x55bc, 0x55bc, 0x559c, 0x661d, 0x7ebf, 0x86bf, 0x7e7e, 0x7e7e, 0x8edf, 0x9f3f, 0x9f3f, 0x8ede, 0x7e7e, 0x765f,
  0x767e, 0x6e5e, 0x663e, 0x767f, 0x55dd, 0x2cf9, 0x1458, 0x0395, 0x0375, 0x0354, 0x0374, 0x2c57, 0x65dd, 0x6e5e, 0x5e1e, 0x459d,
  0x1499, 0x03b7, 0x0396, 0x0396, 0x0437, 0x0cb9, 0x0458, 0x0417, 0x03d6, 0x03d7, 0x03f7, 0x03d7, 0x03b7, 0x03b7, 0x0418, 0x0439,
  0x0418, 0x0418, 0x0438, 0x0438, 0x0438, 0x0438, 0x24d9, 0x351a, 0x3d1b, 0x455c, 0x3d5b, 0x457b, 0x4d7b, 0x55bb, 0x6e3d, 0x86df,
  0x8eff, 0x7ebf, 0x5e5f, 0x24fb, 0x0418, 0x03b7, 0x0396, 0x0376, 0x0376, 0x0396, 0x0396, 0x0395, 0x03b6, 0x03b6, 0x03b6, 0x03b6,
  0x03f7, 0x03f7, 0x03b6, 0x0396, 0x03b7, 0x03f7, 0x0437, 0x0478, 0x1cb9, 0x2d1a, 0x457b, 0x4d9c, 0x459c, 0x355c, 0x14ba, 0x03f8, 
  0x2cfa, 0x24fa, 0x24da, 0x1c98, 0x1c78, 0x34f9, 0x455a, 0x4d9b, 0x4d9b, 0x4d7b, 0x4d7b, 0x559c, 0x55bc, 0x559c, 0x55dc, 0x55fd,
  0x5ddc, 0x55bc, 0x6e5e, 0x7e9e, 0x8ebe, 0x96ff, 0x7ebe, 0x4d9b, 0x0c78, 0x1c78, 0x5ddc, 0x86bf, 0x86df, 0x7e9e, 0x767e, 0x5ddc,
  0x4d7b, 0x453a, 0x455b, 0x4d9c, 0x4d9b, 0x559b, 0x661d, 0x7ebf, 0x86ff, 0x7ebf, 0x7e9e, 0x86bf, 0x973f, 0xa77f, 0xa77f, 0xa77f,
  0x973e, 0x8ede, 0x8e9e, 0x96ff, 0x7edf, 0x2cda, 0x03b7, 0x0376, 0x0355, 0x0355, 0x0355, 0x0374, 0x2c77, 0x5dfd, 0x5e1e, 0x459c,
  0x1499, 0x03b6, 0x0396, 0x03b6, 0x0c58, 0x0cb9, 0x0437, 0x0417, 0x03f7, 0x03d7, 0x03d7, 0x03d7, 0x03b7, 0x03d7, 0x0438, 0x0439,
  0x0438, 0x0438, 0x0438, 0x0438, 0x0417, 0x0437, 0x24d9, 0x457c, 0x457c, 0x3d5b, 0x3d3b, 0x3d3b, 0x3d3a, 0x453a, 0x4d5a, 0x65fc,
  0x86de, 0x86ff, 0x667f, 0x355c, 0x0c38, 0x03d7, 0x0396, 0x0376, 0x0376, 0x0376, 0x0395, 0x0396, 0x03b6, 0x03b6, 0x03b6, 0x03b6,
  0x03d6, 0x03f7, 0x03d7, 0x03b6, 0x0396, 0x03d7, 0x03f7, 0x0438, 0x0458, 0x1478, 0x2cf9, 0x459c, 0x4ddd, 0x3d7d, 0x1cdb, 0x0438,
  0x2d3b, 0x24fa, 0x1499, 0x0c78, 0x0c78, 0x1479, 0x1c99, 0x24fa, 0x3d5b, 0x459c, 0x4d9c, 0x4d7c, 0x455b, 0x4d5b, 0x4d9b, 0x4d9b,
  0x455a, 0x453a, 0x5dbc, 0x6e3d, 0x7e7d, 0x971f, 0x8eff, 0x4539, 0x0c17, 0x0bf6, 0x4d5b, 0x8f1f, 0x86df, 0x86bf, 0x769e, 0x5ddd,
  0x55fd, 0x4dbc, 0x457b, 0x457b, 0x4dbc, 0x55bc, 0x4d9b, 0x5ddc, 0x7e9e, 0x8eff, 0x8eff, 0x8ebf, 0x8eff, 0x973f, 0xa77e, 0xb7df,
  0xbfff, 0xd7ff, 0xdfdf, 0xcfdf, 0x8f1f, 0x457c, 0x1439, 0x0398, 0x0356, 0x0376, 0x0375, 0x0375, 0x0374, 0x2498, 0x457b, 0x353b,
  0x0c79, 0x03d7, 0x0396, 0x03b6, 0x0c58, 0x0c98, 0x0417, 0x03f7, 0x03d7, 0x03f7, 0x03d7, 0x03d6, 0x03f7, 0x0c38, 0x0c9a, 0x0479,
  0x0458, 0x0438, 0x0417, 0x03f7, 0x03f7, 0x0c17, 0x351a, 0x55bc, 0x457b, 0x351a, 0x351a, 0x351a, 0x3d3b, 0x3d3b, 0x453a, 0x557b,
  0x765d, 0x7ebf, 0x5e1d, 0x3d5c, 0x1c99, 0x03f7, 0x03d7, 0x03b7, 0x0396, 0x0395, 0x0395, 0x0396, 0x0396, 0x03b6, 0x0396, 0x03b6,
  0x03b6, 0x03d6, 0x03f7, 0x03d7, 0x0396, 0x0396, 0x03b6, 0x03f7, 0x0438, 0x0417, 0x0c37, 0x24b9, 0x353b, 0x2d3b, 0x149a, 0x03f8,
  0x1cb9, 0x0c78, 0x0458, 0x0438, 0x0438, 0x0438, 0x0438, 0x0438, 0x1458, 0x1478, 0x1458, 0x1c98, 0x24b9, 0x34f9, 0x455b, 0x4d7b,
  0x453a, 0x457b, 0x455b, 0x457b, 0x663d, 0x8f1f, 0x9f7f, 0x7e9e, 0x24da, 0x1c57, 0x6e3d, 0x86df, 0x765d, 0x6e7e, 0x4dbc, 0x34fa,
  0x2cf9, 0x2cfa, 0x24d9, 0x24fa, 0x24d9, 0x2cd9, 0x353a, 0x457c, 0x5ddd, 0x7e7f, 0x9f1f, 0x9f3f, 0x971f, 0x8eff, 0x96ff, 0x9f1f,
  0xb79f, 0xdfff, 0xefff, 0xc7bf, 0x765d, 0x55fd, 0x3d7c, 0x24db, 0x0c17, 0x0376, 0x0356, 0x0356, 0x0355, 0x0395, 0x2498, 0x2d1a,
  0x14ba, 0x0c18, 0x03b6, 0x03d6, 0x0c78, 0x0c78, 0x0417, 0x03d7, 0x03f7, 0x03f7, 0x03f7, 0x0438, 0x0c78, 0x1cba, 0x14b9, 0x0458,
  0x0417, 0x03f7, 0x03d6, 0x03d6, 0x03f6, 0x1478, 0x3d5b, 0x559c, 0x3d5b, 0x351a, 0x351a, 0x351b, 0x351b, 0x3d1b, 0x3d1b, 0x455b,
  0x5ddc, 0x6e5e, 0x5dfd, 0x3d5b, 0x2cfa, 0x0c59, 0x03f8, 0x03d7, 0x03d6, 0x03b6, 0x0396, 0x0376, 0x0396, 0x0396, 0x0396, 0x03b6,
  0x03b6, 0x03d6, 0x03f7, 0x03d7, 0x0396, 0x0375, 0x0376, 0x0396, 0x03b6, 0x03b6, 0x03b5, 0x03b5, 0x0bf6, 0x0c38, 0x0c38, 0x03d7,
  0x0458, 0x0458, 0x0458, 0x0438, 0x0438, 0x0417, 0x0417, 0x0417, 0x0437, 0x0458, 0x0457, 0x0c58, 0x1c98, 0x351b, 0x4d7c, 0x4d5c,
  0x455b, 0x3d7c, 0x2cfa, 0x1477, 0x24b8, 0x4d9b, 0x6e5d, 0x7ebf, 0x5e5f, 0x5e3e, 0x871f, 0x767e, 0x5dbb, 0x4d9b, 0x24d9, 0x0c58,
  0x0437, 0x0437, 0x0438, 0x0c58, 0x14b9, 0x1cb9, 0x1458, 0x1c99, 0x351b, 0x5dbc, 0x869d, 0xa73f, 0xa77f, 0x971f, 0x8edf, 0x96df,
  0xb75f, 0xd7ff, 0xcfdf, 0x96ff, 0x5dfd, 0x4d9b, 0x457b, 0x353b, 0x14da, 0x0418, 0x03b7, 0x0356, 0x0376, 0x0355, 0x0bf6, 0x24fa,
  0x1cdb, 0x0c59, 0x03d7, 0x03f7, 0x0c79, 0x0c58, 0x03f7, 0x03f7, 0x0417, 0x0438, 0x0c99, 0x1499, 0x14b9, 0x1cba, 0x0c58, 0x0417,
  0x03d6, 0x03d6, 0x03b6, 0x03f6, 0x0417, 0x1cb9, 0x3d3b, 0x559c, 0x457c, 0x3d3b, 0x351b, 0x351b, 0x351b, 0x351a, 0x3d1a, 0x3d3a,
  0x4d7b, 0x5dfd, 0x663e, 0x4d9c, 0x353b, 0x24da, 0x0c38, 0x0418, 0x03f8, 0x03d7, 0x0396, 0x0376, 0x0376, 0x0396, 0x0396, 0x03b6,
  0x0396, 0x03b6, 0x03d7, 0x03d7, 0x0396, 0x0376, 0x0355, 0x0375, 0x0376, 0x0375, 0x0375, 0x0375, 0x0395, 0x03d6, 0x0438, 0x0438,
  0x0458, 0x0458, 0x0438, 0x0438, 0x0438, 0x0417, 0x0417, 0x0437, 0x0457, 0x0458, 0x0437, 0x0c38, 0x24da, 0x3d5c, 0x2cfa, 0x24b9,
  0x24da, 0x1cba, 0x1479, 0x0bf7, 0x03b6, 0x03b5, 0x13f5, 0x1c36, 0x2cb9, 0x3d5b, 0x3d3a, 0x2cb8, 0x3cf9, 0x353b, 0x0c58, 0x0438,
  0x0438, 0x0438, 0x0437, 0x0438, 0x0438, 0x0479, 0x0c99, 0x0c79, 0x0478, 0x1cb8, 0x4d9a, 0x869d, 0xaf7f, 0x9f3f, 0x8ede, 0x971f,
  0xb79f, 0xaf9f, 0x86fe, 0x6e7e, 0x4dbd, 0x34fb, 0x2cda, 0x2cf9, 0x24fb, 0x1cba, 0x1479, 0x0bf8, 0x0397, 0x0376, 0x0395, 0x1c58,
  0x24fb, 0x1c9a, 0x0c17, 0x1479, 0x1cb9, 0x1cb9, 0x1cba, 0x1cba, 0x149a, 0x0c79, 0x0c99, 0x0458, 0x0c79, 0x0c37, 0x03d6, 0x03d6,
  0x03b6, 0x03b6, 0x03d6, 0x0417, 0x0458, 0x1498, 0x353a, 0x4d9c, 0x4d9d, 0x455c, 0x3d3b, 0x351b, 0x351b, 0x351a, 0x351a, 0x3d3a,
  0x3d3a, 0x4d7b, 0x55dd, 0x55fd, 0x459c, 0x353b, 0x24da, 0x1459, 0x0418, 0x03d7, 0x03b7, 0x0396, 0x0376, 0x0395, 0x0395, 0x0395,
  0x03b6, 0x03b6, 0x03d6, 0x03d7, 0x03b7, 0x0376, 0x0355, 0x0355, 0x0355, 0x0355, 0x0355, 0x0355, 0x0375, 0x0375, 0x03b6, 0x0c38,
  0x0458, 0x0438, 0x0438, 0x0438, 0x0417, 0x03f7, 0x0417, 0x0417, 0x0437, 0x0458, 0x1479, 0x2d1b, 0x353c, 0x24ba, 0x1478, 0x0c58,
  0x0c58, 0x0c38, 0x0bf7, 0x03d7, 0x03b6, 0x03b6, 0x03b6, 0x03b5, 0x0395, 0x03b5, 0x0395, 0x1437, 0x2cfa, 0x2d1b, 0x0c58, 0x0458,
  0x0417, 0x0437, 0x0437, 0x0438, 0x0458, 0x0438, 0x0458, 0x0c99, 0x0c98, 0x0458, 0x1c98, 0x4d5a, 0x8ede, 0xaf9f, 0x971f, 0x7e9d,
  0x765c, 0x661c, 0x4dbb, 0x4ddc, 0x457c, 0x2cbb, 0x24ba, 0x2cda, 0x2cfa, 0x2cfa, 0x2cfa, 0x24fa, 0x0c39, 0x03b7, 0x0396, 0x1c18, 
  0x24d9, 0x2cda, 0x2cda, 0x3d5c, 0x457c, 0x4dbd, 0x45bd, 0x2d1b, 0x1499, 0x0458, 0x0458, 0x0478, 0x0c58, 0x03d6, 0x03d6, 0x03b6,
  0x03b6, 0x03d6, 0x03f7, 0x0438, 0x0458, 0x0c58, 0x24f9, 0x4d9c, 0x55bc, 0x4d9c, 0x455c, 0x3d3b, 0x351b, 0x351a, 0x351a, 0x351a,
  0x351a, 0x3d3b, 0x455b, 0x4dbc, 0x55fd, 0x4ddd, 0x3d5b, 0x34fa, 0x24ba, 0x0c38, 0x03d7, 0x03b6, 0x0396, 0x03b6, 0x0396, 0x0395,
  0x0396, 0x03b6, 0x03d6, 0x03f7, 0x03d7, 0x0376, 0x0335, 0x0335, 0x0335, 0x0335, 0x0335, 0x0335, 0x0355, 0x0355, 0x0375, 0x0395,
  0x0437, 0x0417, 0x0438, 0x0438, 0x0438, 0x0438, 0x0418, 0x0c38, 0x1c79, 0x2cfb, 0x355c, 0x24fa, 0x0c78, 0x0c37, 0x03f6, 0x03f6,
  0x03d7, 0x03d6, 0x03d6, 0x03f7, 0x03d7, 0x03f7, 0x03d7, 0x03b6, 0x03b6, 0x03b6, 0x03d6, 0x0c38, 0x24da, 0x2d3c, 0x0c58, 0x0417,
  0x0417, 0x0437, 0x0438, 0x0458, 0x0458, 0x0478, 0x0458, 0x0458, 0x1499, 0x149a, 0x0c79, 0x1c98, 0x4519, 0x6e3c, 0x6e3d, 0x4d5b,
  0x559c, 0x4dbd, 0x457c, 0x4d7c, 0x455b, 0x24d9, 0x24da, 0x2cfa, 0x2cda, 0x2cd9, 0x34fa, 0x3d5c, 0x2d1c, 0x0c59, 0x03d6, 0x0c17,
  0x3d1a, 0x5e1e, 0x6e7f, 0x665f, 0x55dd, 0x4d9c, 0x3d7b, 0x24d9, 0x0c78, 0x0458, 0x0458, 0x0458, 0x0417, 0x03b6, 0x03b6, 0x03b6,
  0x03d6, 0x03f7, 0x0417, 0x0438, 0x0458, 0x0458, 0x1478, 0x351a, 0x4d9b, 0x55dc, 0x4dbc, 0x459c, 0x457c, 0x3d5c, 0x3d3b, 0x351b,
  0x34fa, 0x351a, 0x3d3a, 0x455b, 0x457b, 0x4dbc, 0x55fd, 0x55dd, 0x4d9d, 0x3d7c, 0x2d1b, 0x1459, 0x0418, 0x03d7, 0x03d7, 0x03b6,
  0x0396, 0x03b6, 0x0417, 0x0418, 0x03b6, 0x0355, 0x0355, 0x0335, 0x0335, 0x0335, 0x0335, 0x0335, 0x0335, 0x0335, 0x0355, 0x0355,
  0x0417, 0x0418, 0x0418, 0x0418, 0x0418, 0x0438, 0x0c38, 0x24ba, 0x353b, 0x24b9, 0x1438, 0x03f7, 0x03d7, 0x03d7, 0x0c17, 0x0c38,
  0x1479, 0x1458, 0x1458, 0x0c38, 0x0418, 0x0418, 0x03f7, 0x03d6, 0x03f6, 0x03d7, 0x03d7, 0x0417, 0x1499, 0x353b, 0x1c98, 0x0437,
  0x0417, 0x0418, 0x0438, 0x0458, 0x0478, 0x0478, 0x0478, 0x0c79, 0x1459, 0x1cba, 0x1cba, 0x1cb9, 0x24d9, 0x2cd9, 0x34fa, 0x34fa,
  0x4d9c, 0x55bd, 0x455b, 0x4d9c, 0x3d5b, 0x1cd9, 0x1499, 0x1cda, 0x24da, 0x2cda, 0x2cfa, 0x3d3b, 0x457c, 0x251c, 0x0c59, 0x34b9,
  0x663d, 0x769f, 0x769f, 0x5ddd, 0x457b, 0x353b, 0x353b, 0x2cda, 0x0c99, 0x0458, 0x0459, 0x0458, 0x03d6, 0x03b6, 0x0396, 0x03b6,
  0x03d6, 0x03f7, 0x03f7, 0x0417, 0x0438, 0x0438, 0x0437, 0x1478, 0x34f9, 0x459b, 0x4d9b, 0x55bc, 0x55bc, 0x4d9c, 0x4d9c, 0x455c,
  0x3d3b, 0x351b, 0x351b, 0x351b, 0x353b, 0x3d3b, 0x457b, 0x55dc, 0x5dfe, 0x6e5e, 0x76df, 0x5e3e, 0x2cfb, 0x0c7a, 0x0418, 0x03f7,
  0x03f7, 0x0417, 0x03f7, 0x03d7, 0x0355, 0x0334, 0x0335, 0x0315, 0x0335, 0x0335, 0x0335, 0x0335, 0x0335, 0x0335, 0x0335, 0x0335,
  0x0437, 0x0437, 0x0417, 0x1458, 0x2cfa, 0x3d5c, 0x3d9c, 0x3d9c, 0x2cfa, 0x1c78, 0x2499, 0x2cfb, 0x351b, 0x3d5c, 0x45bd, 0x4dde,
  0x4dde, 0x4ddd, 0x4ddd, 0x45bd, 0x355c, 0x149a, 0x0418, 0x03f7, 0x03f7, 0x03d7, 0x03b7, 0x03f7, 0x1c98, 0x355b, 0x1c98, 0x0458,
  0x0437, 0x0438, 0x0438, 0x0458, 0x0458, 0x0478, 0x0c78, 0x14ba, 0x24da, 0x24da, 0x2cda, 0x2cfa, 0x2d1a, 0x2cfa, 0x24b9, 0x24da,
  0x4d9c, 0x4d9c, 0x455b, 0x459c, 0x2d3b, 0x0c57, 0x0437, 0x1499, 0x24da, 0x2cda, 0x2cb9, 0x3d3b, 0x4d9c, 0x4dde, 0x4ddd, 0x6e5e,
  0x769f, 0x767e, 0x6e5e, 0x4d9c, 0x3d5b, 0x2cfa, 0x2d1b, 0x2cfa, 0x14b9, 0x0c79, 0x0c99, 0x0438, 0x03d6, 0x03b6, 0x0396, 0x03b6,
  0x03d6, 0x03d6, 0x03f7, 0x0438, 0x0438, 0x0417, 0x0417, 0x0417, 0x0c37, 0x1c98, 0x2cf9, 0x3d3a, 0x457b, 0x4dbc, 0x4ddd, 0x4dbd,
  0x4d9c, 0x457c, 0x3d3b, 0x351b, 0x34fa, 0x351a, 0x351a, 0x351a, 0x3d3b, 0x4d7b, 0x5dfc, 0x663e, 0x3d7c, 0x1cba, 0x0c59, 0x0438,
  0x0438, 0x0c18, 0x03d7, 0x0355, 0x0335, 0x0314, 0x0315, 0x0315, 0x0335, 0x0335, 0x0335, 0x0335, 0x0335, 0x0335, 0x0335, 0x0335,
  0x0437, 0x0c37, 0x24b9, 0x457c, 0x55dd, 0x663e, 0x561d, 0x457b, 0x3d7c, 0x459d, 0x459c, 0x4d7c, 0x4d9c, 0x55bc, 0x55bc, 0x55bc,
  0x4d9c, 0x457b, 0x4d9c, 0x55dd, 0x5e1e, 0x459d, 0x0c59, 0x03f8, 0x03d7, 0x03d7, 0x03b6, 0x0bf7, 0x2cfa, 0x2d1a, 0x0c78, 0x0c99,
  0x0458, 0x0458, 0x0458, 0x0458, 0x0c58, 0x1cb9, 0x2d1b, 0x2d3b, 0x353b, 0x3d5b, 0x3d5b, 0x457c, 0x3d3b, 0x2cda, 0x2499, 0x24da,
  0x457c, 0x55bd, 0x457c, 0x457c, 0x2d1a, 0x1478, 0x0c58, 0x1c99, 0x24d9, 0x24b9, 0x2cda, 0x455c, 0x5dbc, 0x7e5d, 0x973f, 0x7edf,
  0x6e5e, 0x6e5e, 0x661e, 0x455b, 0x351a, 0x2cfa, 0x351b, 0x2cfa, 0x14da, 0x0c99, 0x0cba, 0x0417, 0x03d7, 0x03d6, 0x03b6, 0x03b6,
  0x03d6, 0x03d7, 0x0417, 0x0438, 0x0418, 0x0417, 0x0417, 0x03f7, 0x0417, 0x0417, 0x0c37, 0x1457, 0x1c98, 0x2d19, 0x3d7b, 0x4dbc,
  0x55bc, 0x55bc, 0x4d9c, 0x457c, 0x3d3b, 0x351b, 0x351b, 0x351b, 0x351a, 0x351a, 0x3cfa, 0x3d3b, 0x459c, 0x2d1b, 0x1cb9, 0x1cba,
  0x0c38, 0x03b7, 0x0355, 0x0334, 0x0335, 0x0335, 0x0315, 0x0335, 0x0335, 0x0335, 0x0335, 0x0314, 0x0335, 0x0335, 0x0315, 0x0335,
  0x2cfb, 0x3d5c, 0x457d, 0x455c, 0x4d5b, 0x4d5b, 0x453b, 0x3cfa, 0x351b, 0x3d1b, 0x453b, 0x557b, 0x65dd, 0x6e1d, 0x6e3e, 0x5ddc,
  0x4d7b, 0x455b, 0x4d7b, 0x557b, 0x65fc, 0x55dd, 0x24fb, 0x0439, 0x03d8, 0x03d7, 0x03d6, 0x1c38, 0x353b, 0x1499, 0x0458, 0x0438,
  0x0438, 0x0458, 0x0458, 0x1498, 0x351b, 0x4dbd, 0x45bd, 0x357c, 0x357b, 0x3d5b, 0x3d5b, 0x4dbd, 0x4d9d, 0x3d5c, 0x353b, 0x353b,
  0x4d9c, 0x5dfe, 0x55bc, 0x3d3b, 0x3d5b, 0x3d7c, 0x3d9c, 0x3d7c, 0x3d5b, 0x3d5c, 0x457b, 0x65dd, 0x867e, 0xbf7f, 0xc7df, 0x8ede,
  0x6e5e, 0x6e5f, 0x55de, 0x3d3b, 0x2cfa, 0x2cfa, 0x353b, 0x2cfa, 0x14b9, 0x0c79, 0x0c99, 0x0418, 0x03d7, 0x03d6, 0x03d7, 0x03d7,
  0x03d6, 0x03f7, 0x0437, 0x0438, 0x0418, 0x03f7, 0x03f7, 0x03f7, 0x0417, 0x0417, 0x0417, 0x0417, 0x0437, 0x0c57, 0x1c98, 0x2cf9,
  0x455b, 0x4d9c, 0x55bc, 0x55bc, 0x4d9c, 0x455c, 0x351b, 0x2cfa, 0x2d1a, 0x2cda, 0x2cda, 0x34fa, 0x3d7b, 0x3d9c, 0x1cda, 0x03d7,
  0x0376, 0x0356, 0x0355, 0x0335, 0x0335, 0x0335, 0x0355, 0x0355, 0x0355, 0x0335, 0x0335, 0x0335, 0x0335, 0x0335, 0x0314, 0x0314,
  0x5dde, 0x4d5c, 0x3d1b, 0x3d3b, 0x3d3b, 0x34da, 0x3cfb, 0x453b, 0x3d3b, 0x4d7c, 0x5dbd, 0x65dd, 0x65fd, 0x663e, 0x663e, 0x4d9c,
  0x3d3b, 0x3d3b, 0x455b, 0x557b, 0x5ddc, 0x55dd, 0x3d9e, 0x14bc, 0x0419, 0x03f7, 0x0417, 0x2cfa, 0x351b, 0x0c78, 0x0478, 0x0438,
  0x0438, 0x0458, 0x0c78, 0x3d7c, 0x4dfe, 0x34fa, 0x1c78, 0x0c37, 0x1478, 0x1c99, 0x1c79, 0x2cda, 0x353b, 0x3d3b, 0x353b, 0x353b,
  0x457b, 0x5dfd, 0x5e1e, 0x4d9c, 0x457b, 0x459c, 0x459c, 0x455c, 0x4d9c, 0x4dbd, 0x5dfd, 0x86be, 0xb7bf, 0xdfff, 0xd7df, 0x9f1f,
  0x767e, 0x663e, 0x55dd, 0x353b, 0x2cfa, 0x2cfa, 0x351b, 0x2cfa, 0x14b9, 0x0c78, 0x0458, 0x0418, 0x03f7, 0x03d6, 0x03d7, 0x03d7,
  0x03d7, 0x03f7, 0x0438, 0x0458, 0x0437, 0x0418, 0x03f7, 0x03f7, 0x03f7, 0x03f7, 0x0417, 0x0438, 0x0438, 0x0417, 0x0417, 0x0c57,
  0x1c98, 0x2cf9, 0x3d5b, 0x4d9b, 0x55bc, 0x55bc, 0x459c, 0x3d5b, 0x3d5b, 0x351b, 0x2cfb, 0x1c99, 0x1477, 0x1cd9, 0x1cda, 0x03f8,
  0x0376, 0x0376, 0x0355, 0x0355, 0x0355, 0x0355, 0x0376, 0x0355, 0x0375, 0x0355, 0x0335, 0x0335, 0x0314, 0x0314, 0x0314, 0x0315,
  0x6e3e, 0x5ddc, 0x4ddc, 0x45bc, 0x351a, 0x2cf9, 0x3d3b, 0x4d9c, 0x55dd, 0x55dd, 0x5dfd, 0x5dfd, 0x5dfd, 0x55dd, 0x457c, 0x351b,
  0x34fa, 0x351b, 0x3d3b, 0x4d9c, 0x5ddd, 0x55fe, 0x3d7d, 0x149b, 0x0418, 0x0417, 0x24b9, 0x355c, 0x1cb9, 0x0458, 0x0458, 0x0438,
  0x0438, 0x0417, 0x2d1b, 0x4e1e, 0x2cfa, 0x0c17, 0x03f6, 0x03f7, 0x03f7, 0x0417, 0x0417, 0x0c58, 0x1cb9, 0x2d1b, 0x351a, 0x353a,
  0x455b, 0x55bc, 0x5dfd, 0x5dfd, 0x5dfd, 0x4dbc, 0x457b, 0x453b, 0x455c, 0x457c, 0x5dbb, 0x8edd, 0xbfdf, 0xd7ff, 0xd7ff, 0xaf7f,
  0x7e9e, 0x661d, 0x4dbd, 0x351b, 0x2cfa, 0x2cfa, 0x351b, 0x2cfa, 0x1cda, 0x0c78, 0x0438, 0x0417, 0x03f7, 0x03f7, 0x03f7, 0x03f7,
  0x03f7, 0x0417, 0x0c78, 0x0478, 0x0458, 0x0418, 0x0418, 0x03f7, 0x03d6, 0x03f7, 0x0417, 0x0418, 0x0418, 0x0438, 0x0418, 0x0417,
  0x0417, 0x0c37, 0x1c98, 0x3519, 0x455a, 0x459b, 0x4dbc, 0x4dbc, 0x353b, 0x1cb9, 0x1499, 0x0c78, 0x0457, 0x0c78, 0x1cda, 0x0c79,
  0x0397, 0x0376, 0x0355, 0x0335, 0x0335, 0x0355, 0x0355, 0x0355, 0x0355, 0x0355, 0x0335, 0x0335, 0x0335, 0x0335, 0x0335, 0x0314,
  0x665e, 0x55fc, 0x3d5b, 0x24b9, 0x1c78, 0x24b9, 0x351a, 0x3d5b, 0x455b, 0x55dc, 0x55fd, 0x4d9c, 0x457c, 0x3d3b, 0x34fa, 0x34fa,
  0x351b, 0x3d1a, 0x457b, 0x55dd, 0x4ddd, 0x355c, 0x1c9a, 0x0418, 0x0c18, 0x24da, 0x355c, 0x1cd9, 0x0458, 0x0479, 0x0438, 0x0458,
  0x0438, 0x1478, 0x4ddd, 0x353b, 0x0c37, 0x03f7, 0x03f7, 0x03f7, 0x03f7, 0x03f7, 0x03f7, 0x03f7, 0x0c38, 0x24fa, 0x353b, 0x3d3b,
  0x3d3a, 0x457b, 0x55bd, 0x5dfd, 0x5e1e, 0x55fd, 0x4dbd, 0x55dd, 0x55dd, 0x55dd, 0x5dfc, 0x96fe, 0xbfdf, 0xbf9f, 0xb79f, 0xaf9f,
  0x86df, 0x661d, 0x4ddd, 0x353b, 0x2cfa, 0x34fa, 0x351b, 0x2d1b, 0x1cda, 0x0c79, 0x0418, 0x03f7, 0x03f7, 0x03f7, 0x03f7, 0x0417,
  0x0417, 0x0437, 0x1499, 0x14b9, 0x0458, 0x0438, 0x0418, 0x0418, 0x03f7, 0x03f7, 0x03f7, 0x0417, 0x0417, 0x0418, 0x0417, 0x0417,
  0x0417, 0x0417, 0x0417, 0x1457, 0x24b9, 0x2cf9, 0x3519, 0x351a, 0x24b9, 0x0c58, 0x0458, 0x0458, 0x0458, 0x0437, 0x0c99, 0x14da,
  0x0bf8, 0x0376, 0x0355, 0x0335, 0x0335, 0x0335, 0x0335, 0x0335, 0x0335, 0x0335, 0x0335, 0x0335, 0x0335, 0x0335, 0x0335, 0x0335,
  0x0bf5, 0x0395, 0x0354, 0x0335, 0x0355, 0x0355, 0x0354, 0x0374, 0x2477, 0x4dbc, 0x457b, 0x3d5b, 0x3d3b, 0x3d1a, 0x453b, 0x455b,
  0x453a, 0x4d7b, 0x55bc, 0x457b, 0x24da, 0x0c39, 0x0438, 0x1c79, 0x2d1b, 0x3d5c, 0x24b9, 0x0457, 0x0478, 0x0458, 0x0458, 0x0457,
  0x0438, 0x24fa, 0x4ddd, 0x24b8, 0x0417, 0x0438, 0x0438, 0x0bf8, 0x03f7, 0x03f7, 0x03f7, 0x03f7, 0x0417, 0x0c58, 0x2cfa, 0x3d5b,
  0x353b, 0x3d1a, 0x455b, 0x457c, 0x3d5b, 0x3d3a, 0x34da, 0x3d1b, 0x457b, 0x4d9b, 0x559c, 0x7e5d, 0xaf7f, 0x9f3f, 0x8efe, 0x9f3f,
  0x973f, 0x769f, 0x55fe, 0x353b, 0x2cfa, 0x34fa, 0x351b, 0x351b, 0x24fa, 0x1499, 0x0417, 0x0417, 0x0417, 0x0417, 0x0417, 0x0418,
  0x0437, 0x1499, 0x24fb, 0x1cda, 0x1499, 0x0458, 0x0458, 0x0438, 0x0418, 0x0418, 0x03f7, 0x03f7, 0x03f7, 0x03f7, 0x03f7, 0x0417,
  0x0418, 0x0438, 0x0418, 0x0417, 0x03d6, 0x0c16, 0x1478, 0x24da, 0x1cdb, 0x0479, 0x0478, 0x0478, 0x0458, 0x0438, 0x0c78, 0x1cfa,
  0x0c38, 0x03b6, 0x0375, 0x0355, 0x0335, 0x0335, 0x0335, 0x0335, 0x0335, 0x0335, 0x0335, 0x0335, 0x0335, 0x0335, 0x0335, 0x0355,
  0x0375, 0x0376, 0x0355, 0x0355, 0x0355, 0x0355, 0x0375, 0x0375, 0x2457, 0x3d3b, 0x34fa, 0x351a, 0x351a, 0x457b, 0x55dd, 0x5ddd,
  0x5dbc, 0x5dfd, 0x55fe, 0x2cfb, 0x1c79, 0x1c99, 0x2cfb, 0x3d5c, 0x3d5c, 0x24ba, 0x0c38, 0x0458, 0x0458, 0x0458, 0x0458, 0x0438,
  0x0457, 0x2d3b, 0x4dbd, 0x1478, 0x0437, 0x0417, 0x03f8, 0x03f8, 0x0417, 0x0417, 0x03f7, 0x0417, 0x03f7, 0x03f7, 0x0c58, 0x24da,
  0x355b, 0x3d3b, 0x351b, 0x3d1b, 0x3d3b, 0x3d1b, 0x24b9, 0x1499, 0x1cb9, 0x2cf9, 0x453a, 0x6dfc, 0x8ede, 0x8eff, 0x86ff, 0x86df,
  0x96ff, 0x8eff, 0x663e, 0x457c, 0x353b, 0x351a, 0x2d1a, 0x2d1a, 0x251a, 0x1499, 0x0438, 0x0418, 0x0418, 0x0418, 0x0418, 0x0438,
  0x0c58, 0x24fa, 0x353c, 0x2cdb, 0x24ba, 0x1499, 0x0478, 0x0458, 0x0438, 0x0418, 0x0418, 0x0417, 0x0417, 0x0417, 0x0438, 0x0418, 
  0x0418, 0x03d6, 0x0396, 0x0375, 0x0375, 0x03b6, 0x0416, 0x1cb9, 0x24fb, 0x14ba, 0x0479, 0x0479, 0x0458, 0x0c58, 0x1499, 0x251a,
  0x1479, 0x03b6, 0x0376, 0x0376, 0x0376, 0x0376, 0x0376, 0x0376, 0x0376, 0x0376, 0x0376, 0x0376, 0x0376, 0x0396, 0x0396, 0x0396,
  0x0396, 0x0375, 0x0355, 0x0355, 0x0355, 0x0355, 0x0375, 0x0bb6, 0x2cb9, 0x34fa, 0x24b9, 0x2cb9, 0x3d3b, 0x4d7c, 0x55bc, 0x5dfd,
  0x6e3d, 0x769f, 0x663f, 0x457c, 0x3d3b, 0x3d3b, 0x3d5c, 0x3d5c, 0x24fa, 0x0c38, 0x0438, 0x0458, 0x0458, 0x0438, 0x0458, 0x0437,
  0x0457, 0x2cfa, 0x459d, 0x1cb8, 0x0437, 0x0417, 0x03f7, 0x0418, 0x0437, 0x0417, 0x0418, 0x0418, 0x0417, 0x0417, 0x03f7, 0x0417,
  0x1c98, 0x351b, 0x351b, 0x2d1a, 0x3d5b, 0x455c, 0x2cfb, 0x1cda, 0x24da, 0x351a, 0x4d7a, 0x8eff, 0x9f5f, 0x9f1f, 0x8eff, 0x7e9e,
  0x86be, 0x8f1f, 0x86ff, 0x5dfd, 0x3d5c, 0x353b, 0x351b, 0x351b, 0x2d1b, 0x1c99, 0x1499, 0x0438, 0x0418, 0x0438, 0x0437, 0x0c58,
  0x24b9, 0x353b, 0x355c, 0x24fb, 0x1cda, 0x1cda, 0x14b9, 0x0c78, 0x0458, 0x0438, 0x0438, 0x0438, 0x0417, 0x03f7, 0x03d7, 0x03b6,
  0x0376, 0x0355, 0x0355, 0x0355, 0x0355, 0x0375, 0x03d5, 0x1477, 0x2cf9, 0x2cda, 0x1cb9, 0x0c79, 0x0499, 0x0c99, 0x24ba, 0x2cfb,
  0x149b, 0x03b8, 0x0377, 0x0377, 0x0376, 0x0396, 0x0375, 0x0395, 0x03b6, 0x03b6, 0x03d6, 0x03d6, 0x03d6, 0x03d6, 0x03d6, 0x03d6,
  0x03b6, 0x0396, 0x0375, 0x0355, 0x0375, 0x0355, 0x0355, 0x1c17, 0x3d3b, 0x2cda, 0x24b9, 0x351a, 0x457b, 0x455b, 0x4d5b, 0x5ddc,
  0x763d, 0x769f, 0x6e7f, 0x5e1e, 0x4d9c, 0x455b, 0x3d5c, 0x353c, 0x0c78, 0x0458, 0x0458, 0x0458, 0x0458, 0x0458, 0x0458, 0x0458,
  0x0458, 0x1cb9, 0x3d7c, 0x1cb9, 0x0437, 0x0437, 0x0438, 0x0438, 0x0438, 0x0c59, 0x0c79, 0x0c78, 0x0438, 0x03f7, 0x0417, 0x03f7,
  0x0417, 0x1458, 0x24da, 0x2d1b, 0x353b, 0x459c, 0x3d3c, 0x2d1b, 0x2cda, 0x2cd9, 0x3cf9, 0x769e, 0x9f7f, 0x971f, 0x86bf, 0x86bf,
  0x7edf, 0x7e9e, 0x8eff, 0x7ebf, 0x5dfe, 0x457d, 0x455c, 0x455c, 0x3d5c, 0x353b, 0x24fa, 0x1499, 0x1479, 0x0c58, 0x0c79, 0x1cda,
  0x351a, 0x351b, 0x24da, 0x1499, 0x0c78, 0x0c58, 0x0c38, 0x0418, 0x03f7, 0x03d7, 0x03d7, 0x03b6, 0x0396, 0x0375, 0x0355, 0x0355,
  0x0355, 0x0355, 0x0355, 0x0355, 0x0355, 0x0375, 0x03b5, 0x0c37, 0x2cd9, 0x2cfa, 0x2cda, 0x24ba, 0x1cb9, 0x24b8, 0x4d7b, 0x661d,
  0x251c, 0x03f9, 0x03d8, 0x0397, 0x0397, 0x0396, 0x0396, 0x03b7, 0x03d7, 0x03d7, 0x03d7, 0x03d7, 0x03b7, 0x0396, 0x03b7, 0x0396,
  0x03b6, 0x0396, 0x0376, 0x0375, 0x0375, 0x0375, 0x0b96, 0x2c99, 0x455b, 0x351a, 0x3d5b, 0x457c, 0x3d3b, 0x3d1a, 0x453b, 0x55bc,
  0x661d, 0x6e3d, 0x765e, 0x6e5e, 0x6e3e, 0x661e, 0x4dbd, 0x24da, 0x0478, 0x0458, 0x0458, 0x0438, 0x0438, 0x0437, 0x0437, 0x0457,
  0x0438, 0x1458, 0x459d, 0x24fa, 0x0437, 0x0438, 0x0417, 0x03f7, 0x03f7, 0x0417, 0x0417, 0x0c79, 0x1499, 0x0c58, 0x0417, 0x03f7,
  0x03f7, 0x03f7, 0x0c38, 0x14b9, 0x2d3a, 0x4d9d, 0x4d7c, 0x3d3c, 0x351c, 0x2cfb, 0x24b9, 0x34f9, 0x55bb, 0x5ddc, 0x559c, 0x55bc,
  0x663d, 0x7ebe, 0x86bf, 0x869e, 0x7ebf, 0x663f, 0x55de, 0x4dbd, 0x459c, 0x45bc, 0x3d9c, 0x355b, 0x24fa, 0x1479, 0x0c59, 0x0c59,
  0x1458, 0x0c38, 0x0bf7, 0x03d7, 0x03b6, 0x0396, 0x0396, 0x0396, 0x0376, 0x0375, 0x0355, 0x0355, 0x0355, 0x0335, 0x0335, 0x0335,
  0x0355, 0x0355, 0x0355, 0x0355, 0x0355, 0x0375, 0x0395, 0x0c16, 0x24b9, 0x2cfb, 0x2d1b, 0x2cda, 0x3cd9, 0x6dfc, 0xafbf, 0xb7ff,
  0x6edf, 0x55fd, 0x457c, 0x34fb, 0x2cda, 0x2499, 0x1c79, 0x1c79, 0x1c59, 0x1459, 0x1458, 0x1458, 0x1c79, 0x1c7a, 0x1c7a, 0x1c79,
  0x03b6, 0x0396, 0x0376, 0x0376, 0x0396, 0x0395, 0x03b6, 0x1c58, 0x4d7b, 0x5e1d, 0x4d9c, 0x3d5b, 0x3d3b, 0x351a, 0x3d1b, 0x455b,
  0x4d7b, 0x55bc, 0x5dfd, 0x65fd, 0x6e3d, 0x769f, 0x6e9f, 0x3d7c, 0x0478, 0x0438, 0x0418, 0x0417, 0x0417, 0x0417, 0x0437, 0x0437,
  0x0417, 0x1458, 0x45bd, 0x1cd9, 0x0437, 0x0437, 0x03f7, 0x03f7, 0x03f7, 0x03f7, 0x03f7, 0x0417, 0x0c58, 0x14b9, 0x0438, 0x0418,
  0x0417, 0x03f7, 0x03f7, 0x0437, 0x1cb9, 0x455b, 0x55bd, 0x457c, 0x2d3b, 0x1cda, 0x1479, 0x1458, 0x24da, 0x455b, 0x55dd, 0x4d9c,
  0x559b, 0x661d, 0x6e3e, 0x869e, 0x971f, 0x8eff, 0x55dd, 0x2cfa, 0x1cb9, 0x24b9, 0x2d1a, 0x3d5c, 0x353b, 0x24ba, 0x0c38, 0x03d7,
  0x03b6, 0x03b6, 0x03b6, 0x0396, 0x0396, 0x0396, 0x0375, 0x0395, 0x0376, 0x0376, 0x0355, 0x0355, 0x0355, 0x0355, 0x0355, 0x0355,
  0x0355, 0x0355, 0x0355, 0x0355, 0x0376, 0x0376, 0x03b6, 0x03f6, 0x1c77, 0x2cf9, 0x351a, 0x4d7b, 0x765e, 0x9f3f, 0xb7df, 0xaf9f,
  0x86df, 0x6e5e, 0x55fd, 0x4dbd, 0x459c, 0x3d7c, 0x3d9d, 0x357c, 0x355c, 0x2d3b, 0x24fa, 0x1cda, 0x1479, 0x0c37, 0x0417, 0x03f7,
  0x03b6, 0x0396, 0x0376, 0x0396, 0x0396, 0x0395, 0x0394, 0x1c16, 0x661d, 0x769f, 0x4d9b, 0x3d3b, 0x3d3b, 0x3d3b, 0x353b, 0x351b,
  0x3d5b, 0x459c, 0x4d9c, 0x5ddc, 0x6e3e, 0x769f, 0x665f, 0x24fa, 0x0458, 0x0418, 0x0417, 0x0417, 0x0417, 0x0437, 0x0417, 0x0438,
  0x0417, 0x24b9, 0x3d9c, 0x14b9, 0x0437, 0x0417, 0x03f7, 0x03f7, 0x03f7, 0x0418, 0x0417, 0x0417, 0x0417, 0x0c78, 0x14ba, 0x0418,
  0x0418, 0x03f8, 0x03f7, 0x0437, 0x1478, 0x351a, 0x4d7c, 0x3d3b, 0x2cf9, 0x1cb9, 0x1499, 0x1499, 0x24ba, 0x2cfa, 0x455a, 0x4ddc,
  0x559c, 0x55bc, 0x661e, 0x7e5d, 0x8ebe, 0x975f, 0x667f, 0x14ba, 0x0418, 0x03f8, 0x0c17, 0x1c78, 0x2d1a, 0x459c, 0x45bc, 0x2d1a,
  0x1459, 0x03f7, 0x03d7, 0x03d7, 0x03d7, 0x03b6, 0x0396, 0x0396, 0x0376, 0x0376, 0x0376, 0x0376, 0x0375, 0x0375, 0x0355, 0x0375,
  0x0376, 0x0375, 0x0375, 0x0396, 0x0396, 0x0396, 0x03b6, 0x03f6, 0x1456, 0x34f9, 0x6e1d, 0x973f, 0xa77f, 0xa75f, 0xb77e, 0xb77f,
  0x9eff, 0x7e7e, 0x6e3e, 0x663f, 0x663f, 0x5dff, 0x459d, 0x353b, 0x2cfb, 0x24da, 0x24da, 0x24da, 0x2cdb, 0x2cfb, 0x2d1c, 0x353c,
  0x0396, 0x0395, 0x0376, 0x0396, 0x0395, 0x0bb5, 0x2477, 0x5dfd, 0x76bf, 0x663e, 0x4d9c, 0x455b, 0x3d3b, 0x3d3b, 0x3d3b, 0x3d3b,
  0x3d3b, 0x457b, 0x4d9c, 0x55dd, 0x663e, 0x4ddd, 0x24b9, 0x0437, 0x0418, 0x03f7, 0x0417, 0x0417, 0x0437, 0x0437, 0x0438, 0x0438,
  0x0c58, 0x353c, 0x353b, 0x0437, 0x0417, 0x0418, 0x03f7, 0x0417, 0x0c58, 0x0c58, 0x0c58, 0x0438, 0x0418, 0x0418, 0x1cda, 0x0c58,
  0x0417, 0x03f7, 0x03f7, 0x0417, 0x1478, 0x351b, 0x457c, 0x2d1a, 0x1cb8, 0x0c78, 0x0c78, 0x1499, 0x1499, 0x1c98, 0x2cf9, 0x3d7b,
  0x55bc, 0x661e, 0x7ebf, 0x86be, 0x8edf, 0x7e9e, 0x353a, 0x0438, 0x03f8, 0x03f8, 0x03f7, 0x03d7, 0x0c17, 0x1c78, 0x357b, 0x4e1d,
  0x55fe, 0x3d7c, 0x24da, 0x1458, 0x0417, 0x03f7, 0x03f7, 0x03f7, 0x03f7, 0x03b7, 0x0396, 0x0396, 0x0376, 0x0396, 0x0376, 0x0376,
  0x0376, 0x0396, 0x0395, 0x0396, 0x0396, 0x03b6, 0x03b6, 0x0bf6, 0x2cd8, 0x765d, 0xaf7f, 0xbf9f, 0xc7df, 0xc7ff, 0xcfff, 0xcfff,
  0xc7ff, 0xaf9f, 0x8f1f, 0x86df, 0x7e7f, 0x763f, 0x661e, 0x661e, 0x5e1e, 0x5e1e, 0x561e, 0x55fd, 0x55dd, 0x4dbd, 0x459c, 0x455b,
  0x03d5, 0x03b5, 0x03b5, 0x0bd6, 0x2498, 0x4d9c, 0x767f, 0x7ebf, 0x6e5e, 0x5dfd, 0x4d9c, 0x457c, 0x3d3b, 0x3d3b, 0x3d3a, 0x453a,
  0x455b, 0x4d9c, 0x4dbd, 0x4d9c, 0x34fa, 0x1457, 0x0417, 0x0438, 0x0418, 0x0417, 0x0417, 0x0437, 0x0437, 0x0438, 0x0438, 0x0c79,
  0x2d3b, 0x3d5c, 0x0c17, 0x0416, 0x0417, 0x0c38, 0x0418, 0x0458, 0x1cda, 0x1cfb, 0x14ba, 0x0c79, 0x0438, 0x0438, 0x14b9, 0x0c78,
  0x0417, 0x03f7, 0x03f7, 0x0417, 0x1457, 0x351b, 0x3d5c, 0x24fa, 0x0c99, 0x0459, 0x0458, 0x0458, 0x0457, 0x0437, 0x0c38, 0x1479,
  0x34d8, 0x55bc, 0x6e5d, 0x7e7d, 0x8f1f, 0x663d, 0x1438, 0x03f7, 0x03f7, 0x0417, 0x03f7, 0x03d7, 0x03d7, 0x03f7, 0x03f7, 0x1457,
  0x3539, 0x55fd, 0x5e3f, 0x4dde, 0x353c, 0x1cba, 0x0c99, 0x0458, 0x0458, 0x0438, 0x03f7, 0x03d7, 0x03b6, 0x0396, 0x0396, 0x0396,
  0x0396, 0x0396, 0x0396, 0x0396, 0x0396, 0x0bd7, 0x1c58, 0x457b, 0x96ff, 0xbfdf, 0xcfdf, 0xd7ff, 0xd7ff, 0xd7ff, 0xc7ff, 0xa75f,
  0x765d, 0x4dba, 0x355a, 0x2d1a, 0x2cf9, 0x34f9, 0x353a, 0x3d7b, 0x3d5b, 0x3d3a, 0x34d9, 0x2c98, 0x1c57, 0x1416, 0x0bd5, 0x0b95,
  0x4d7b, 0x453a, 0x455b, 0x5ddc, 0x6e5e, 0x769f, 0x76bf, 0x6e5f, 0x5e1e, 0x4dbc, 0x4d9c, 0x457c, 0x457c, 0x457c, 0x459c, 0x3d7c,
  0x355c, 0x2d1b, 0x1cb9, 0x0c58, 0x0417, 0x0417, 0x0438, 0x0438, 0x0438, 0x0437, 0x0437, 0x0418, 0x0438, 0x0458, 0x0478, 0x2d3a,
  0x3d9c, 0x1458, 0x03d6, 0x03f7, 0x0417, 0x0c79, 0x0c58, 0x1479, 0x24da, 0x24b9, 0x24da, 0x149a, 0x0438, 0x0c37, 0x1cd9, 0x0c99,
  0x0417, 0x0418, 0x03f8, 0x03d7, 0x0c37, 0x3d3b, 0x351b, 0x0cb9, 0x0478, 0x0458, 0x0438, 0x0438, 0x0437, 0x0458, 0x0458, 0x0c58,
  0x2cb9, 0x455b, 0x457b, 0x5e1d, 0x7eff, 0x6e9f, 0x1cb9, 0x0417, 0x03f7, 0x03f7, 0x03f7, 0x03f7, 0x03f7, 0x03f7, 0x03d6, 0x03f7,
  0x0417, 0x1498, 0x353a, 0x55dd, 0x55dd, 0x4dbd, 0x3d7c, 0x351b, 0x1cda, 0x1499, 0x0c79, 0x0438, 0x03f7, 0x03d7, 0x03b7, 0x03b7,
  0x03b7, 0x03b7, 0x03d7, 0x1438, 0x2c99, 0x5d9b, 0x8ebe, 0xb7bf, 0xc7ff, 0xc7df, 0xc7bf, 0xcfdf, 0xc7ff, 0x9f5f, 0x5e1c, 0x24d8,
  0x0c57, 0x0c57, 0x0c58, 0x0458, 0x0437, 0x03f7, 0x03f7, 0x03f6, 0x0bb6, 0x0375, 0x0355, 0x0334, 0x0334, 0x0334, 0x0314, 0x0314,
  0x6e3e, 0x6e3e, 0x663e, 0x661e, 0x6e3e, 0x767f, 0x6e7f, 0x5e1e, 0x4dbd, 0x457c, 0x353b, 0x351b, 0x2cfa, 0x24d9, 0x1c98, 0x1458,
  0x0c37, 0x0417, 0x0417, 0x0417, 0x0437, 0x0438, 0x0438, 0x0438, 0x0438, 0x0437, 0x0437, 0x0458, 0x0459, 0x0458, 0x1cda, 0x45dd,
  0x1cb9, 0x03b6, 0x03f7, 0x03f7, 0x0417, 0x0c79, 0x1cb9, 0x1c99, 0x24b9, 0x2498, 0x24da, 0x14ba, 0x0438, 0x1457, 0x1cd9, 0x0c79,
  0x0417, 0x0418, 0x03f8, 0x03f7, 0x1457, 0x3d5c, 0x2cfa, 0x0498, 0x0478, 0x0458, 0x0438, 0x0418, 0x0438, 0x0457, 0x0437, 0x0c78,
  0x351b, 0x351b, 0x1c77, 0x1436, 0x2c98, 0x2cb9, 0x1458, 0x0438, 0x03f7, 0x03d7, 0x03f7, 0x03f7, 0x03f7, 0x03f7, 0x03f7, 0x0417,
  0x0438, 0x0437, 0x0c57, 0x2d19, 0x4d9c, 0x5dfd, 0x55dd, 0x4d9d, 0x45bc, 0x3d9c, 0x355c, 0x24fb, 0x1cba, 0x0c39, 0x03f8, 0x03f7,
  0x03f7, 0x1438, 0x34fa, 0x65fc, 0x96fe, 0xb7bf, 0xb7bf, 0xaf7f, 0x973f, 0x96fe, 0xa75f, 0x9f5f, 0x661b, 0x24b7, 0x0c37, 0x0c78,
  0x1499, 0x1499, 0x0c58, 0x0417, 0x03d6, 0x03b6, 0x0396, 0x0375, 0x0355, 0x0335, 0x0335, 0x0335, 0x0334, 0x0314, 0x0314, 0x0314,
  0x5e1e, 0x5e1e, 0x5e1e, 0x55fd, 0x5dfd, 0x5dfd, 0x4dbc, 0x2cda, 0x1458, 0x0c58, 0x0c38, 0x0c37, 0x0c38, 0x0417, 0x0417, 0x0417,
  0x0417, 0x0417, 0x0437, 0x0417, 0x0417, 0x0437, 0x0438, 0x0438, 0x0438, 0x0438, 0x0458, 0x0478, 0x0478, 0x1c99, 0x3d5c, 0x2d1a,
  0x03f6, 0x03f7, 0x03f7, 0x0418, 0x0417, 0x0c78, 0x24fa, 0x24b9, 0x24da, 0x24d9, 0x1cda, 0x0c99, 0x0458, 0x1498, 0x1cd9, 0x0458,
  0x0417, 0x0418, 0x03f7, 0x03f6, 0x1c98, 0x459c, 0x1cda, 0x0478, 0x0479, 0x0458, 0x0438, 0x0438, 0x0437, 0x0437, 0x0437, 0x1cda,
  0x2d3c, 0x1cba, 0x03d6, 0x03b6, 0x0bb6, 0x03d6, 0x03f7, 0x0458, 0x0418, 0x03f7, 0x0417, 0x0418, 0x0417, 0x0417, 0x0417, 0x0417,
  0x03f7, 0x0438, 0x0457, 0x1477, 0x34fa, 0x55bc, 0x5dfd, 0x55dc, 0x4d9c, 0x459c, 0x4d9d, 0x55de, 0x55dd, 0x4d9c, 0x3d5b, 0x3d5a,
  0x5ddb, 0x7e9d, 0xa77f, 0xbfff, 0xb7ff, 0xa77f, 0x7ede, 0x663d, 0x4d9c, 0x3d5a, 0x3d5b, 0x1cb8, 0x0c57, 0x0458, 0x0439, 0x0c59,
  0x0bf7, 0x03b6, 0x0396, 0x0375, 0x0375, 0x0355, 0x0355, 0x0355, 0x0335, 0x0314, 0x0314, 0x0314, 0x0314, 0x0314, 0x0314, 0x0314,
  0x1cd9, 0x1cb9, 0x1cb9, 0x1c98, 0x1c57, 0x24b8, 0x353b, 0x2d1a, 0x0c78, 0x0438, 0x0438, 0x0438, 0x0438, 0x0438, 0x0438, 0x0438,
  0x0417, 0x0417, 0x0437, 0x0417, 0x0417, 0x0437, 0x0437, 0x0438, 0x0458, 0x0459, 0x0479, 0x0478, 0x0c98, 0x2d1a, 0x353b, 0x1458,
  0x0417, 0x03f7, 0x03f7, 0x03f7, 0x0418, 0x0c38, 0x2cfa, 0x2cda, 0x1cda, 0x1cda, 0x14ba, 0x0478, 0x0458, 0x1cd9, 0x1499, 0x0438,
  0x0417, 0x03f8, 0x03f7, 0x0416, 0x2d1a, 0x3d9c, 0x0c99, 0x0458, 0x0459, 0x0438, 0x0438, 0x0438, 0x0417, 0x0437, 0x1cda, 0x353c,
  0x14b9, 0x03f7, 0x03f7, 0x03b7, 0x03b6, 0x03b6, 0x03d7, 0x0438, 0x0458, 0x0458, 0x0438, 0x0418, 0x0437, 0x0417, 0x0417, 0x0417,
  0x0418, 0x0438, 0x0458, 0x0c58, 0x2478, 0x453a, 0x663d, 0x6e9e, 0x6e5e, 0x661e, 0x55fd, 0x5dfc, 0x663d, 0x869e, 0x9f5f, 0xb7ff,
  0xc7ff, 0xc7ff, 0xb7df, 0x8f1f, 0x65fd, 0x351a, 0x1c78, 0x0c58, 0x0c17, 0x0c37, 0x0c37, 0x0c78, 0x0c78, 0x0417, 0x03f7, 0x0376,
  0x0375, 0x0375, 0x0355, 0x0355, 0x0335, 0x0335, 0x0314, 0x0314, 0x0314, 0x0314, 0x0314, 0x02f4, 0x0314, 0x0314, 0x0314, 0x0314,
  0x0478, 0x0457, 0x0c58, 0x1cd9, 0x2d1a, 0x3d5b, 0x459d, 0x353c, 0x0c99, 0x0458, 0x0458, 0x0458, 0x0458, 0x0458, 0x0438, 0x0438,
  0x0437, 0x0438, 0x0438, 0x0438, 0x0417, 0x0438, 0x0437, 0x0438, 0x0458, 0x0458, 0x0459, 0x0c58, 0x2cfa, 0x3d7b, 0x1c99, 0x03f7,
  0x03f7, 0x03f7, 0x03f7, 0x0417, 0x0418, 0x0c38, 0x24da, 0x2d1a, 0x1cb9, 0x1499, 0x0c79, 0x0458, 0x0c78, 0x1cda, 0x0c78, 0x0417,
  0x0417, 0x03f7, 0x03f6, 0x0c57, 0x459c, 0x2d1b, 0x0478, 0x0459, 0x0458, 0x0438, 0x0438, 0x0417, 0x0437, 0x1cb9, 0x355c, 0x1cb9,
  0x0437, 0x03f7, 0x03d7, 0x03b7, 0x03b7, 0x03b6, 0x03d7, 0x03f7, 0x0458, 0x0479, 0x0458, 0x0437, 0x0438, 0x0438, 0x0417, 0x0418,
  0x0438, 0x0458, 0x0458, 0x0c78, 0x2cba, 0x4d5b, 0x661d, 0x769e, 0x7e9f, 0x6e7e, 0x6e7e, 0x6e7e, 0x767e, 0x86df, 0x9f3f, 0x971f,
  0x86be, 0x65db, 0x3cf9, 0x1c58, 0x0c17, 0x0417, 0x03f7, 0x0418, 0x0c58, 0x14b9, 0x1479, 0x0c18, 0x03d6, 0x0395, 0x0395, 0x0375,
  0x0355, 0x0355, 0x0355, 0x0335, 0x0334, 0x0314, 0x0314, 0x0314, 0x0314, 0x0314, 0x0314, 0x0314, 0x0314, 0x0314, 0x0314, 0x0314,
  0x0c58, 0x0c58, 0x1cba, 0x3d5c, 0x4d9c, 0x4d7c, 0x4d7d, 0x2cdb, 0x0c78, 0x0458, 0x0438, 0x0437, 0x0437, 0x0438, 0x0437, 0x0437,
  0x0438, 0x0438, 0x0438, 0x0437, 0x0437, 0x0437, 0x0438, 0x0437, 0x0438, 0x0458, 0x0c58, 0x2cfb, 0x4d9d, 0x24da, 0x0417, 0x0417,
  0x03f7, 0x03f7, 0x0417, 0x0417, 0x0418, 0x0418, 0x1cb9, 0x2d1a, 0x1498, 0x0458, 0x0458, 0x0457, 0x14b9, 0x14ba, 0x0438, 0x03f7,
  0x0417, 0x03f7, 0x03f6, 0x24da, 0x45bd, 0x14b9, 0x0458, 0x0438, 0x0458, 0x0458, 0x0438, 0x0458, 0x1cb9, 0x355b, 0x2cfb, 0x0417,
  0x03f7, 0x03f7, 0x03d7, 0x03b7, 0x03b6, 0x03d6, 0x03d6, 0x03f7, 0x0417, 0x0478, 0x0479, 0x0478, 0x0438, 0x0438, 0x0438, 0x0418,
  0x0437, 0x0478, 0x0458, 0x1cd9, 0x3d3b, 0x55bd, 0x55dd, 0x455b, 0x24f9, 0x24d9, 0x2cd8, 0x3cf9, 0x5dbc, 0x769f, 0x6e9f, 0x45bc,
  0x1cfa, 0x0457, 0x0438, 0x0438, 0x0417, 0x0417, 0x0c58, 0x1cb9, 0x14ba, 0x0c58, 0x03d7, 0x0396, 0x0376, 0x0375, 0x0375, 0x0355,
  0x0335, 0x0335, 0x0314, 0x0314, 0x0314, 0x0314, 0x0314, 0x0314, 0x02f4, 0x02f4, 0x02f4, 0x02f4, 0x02f4, 0x02f4, 0x02f4, 0x02f4,
  0x24da, 0x24b9, 0x24da, 0x351a, 0x457b, 0x4d9c, 0x4d7d, 0x2cda, 0x0458, 0x0437, 0x0437, 0x0437, 0x0438, 0x0438, 0x0438, 0x0438,
  0x0437, 0x0438, 0x0438, 0x0438, 0x0418, 0x0438, 0x0438, 0x0438, 0x0438, 0x0c58, 0x2d1a, 0x4ddd, 0x351b, 0x0c17, 0x03f7, 0x03f7,
  0x03f7, 0x03f7, 0x0417, 0x0417, 0x0418, 0x0418, 0x1499, 0x2d3a, 0x1c98, 0x0438, 0x0438, 0x0457, 0x14b9, 0x0c99, 0x0418, 0x03d7,
  0x03f7, 0x0417, 0x1478, 0x45bd, 0x353b, 0x0458, 0x0458, 0x0438, 0x0457, 0x0458, 0x0478, 0x0c38, 0x2d1b, 0x353b, 0x0c58, 0x03f7,
  0x03f6, 0x03f7, 0x03d7, 0x03b7, 0x03d6, 0x03d6, 0x03d7, 0x03f7, 0x0417, 0x0438, 0x0479, 0x0499, 0x0479, 0x0458, 0x0438, 0x0438,
  0x0458, 0x0c78, 0x24b9, 0x3d3b, 0x459c, 0x3d9c, 0x24da, 0x0c38, 0x0438, 0x0417, 0x1458, 0x455b, 0x6e7f, 0x665f, 0x2d1a, 0x0c98,
  0x0479, 0x0498, 0x0c98, 0x0c78, 0x1499, 0x1cda, 0x1cfa, 0x0c78, 0x03f7, 0x0396, 0x0375, 0x0376, 0x0376, 0x0355, 0x0355, 0x0335,
  0x0335, 0x0314, 0x0314, 0x0314, 0x0314, 0x02f4, 0x02f4, 0x02f4, 0x02f4, 0x02f4, 0x02f4, 0x02f4, 0x02f4, 0x0314, 0x02f4, 0x02f4,
  0x353b, 0x2cda, 0x2499, 0x2cf9, 0x457b, 0x45bc, 0x3d9c, 0x24fa, 0x0458, 0x0437, 0x0437, 0x0438, 0x0438, 0x0438, 0x0438, 0x0438,
  0x1499, 0x1cda, 0x14b9, 0x0c58, 0x0458, 0x0458, 0x0438, 0x0438, 0x0438, 0x2cda, 0x55fe, 0x353a, 0x0c37, 0x03f7, 0x03f7, 0x03f7,
  0x0418, 0x0417, 0x0417, 0x0417, 0x0438, 0x0c79, 0x1cda, 0x24f9, 0x1478, 0x0438, 0x0438, 0x0c57, 0x0c78, 0x0458, 0x0418, 0x03f7,
  0x0417, 0x0457, 0x355c, 0x4d9e, 0x1458, 0x0458, 0x0438, 0x0457, 0x0457, 0x0478, 0x0458, 0x1cb9, 0x355c, 0x1c99, 0x03f7, 0x03f7,
  0x03f7, 0x03f7, 0x03f7, 0x03d7, 0x03d6, 0x03f6, 0x03f7, 0x03f7, 0x03f7, 0x0417, 0x0458, 0x0499, 0x0499, 0x0479, 0x0458, 0x0478,
  0x0c78, 0x2cfa, 0x4d7c, 0x4d7b, 0x3d5b, 0x1cb9, 0x0438, 0x0418, 0x0c18, 0x24b9, 0x4ddd, 0x6e9f, 0x561e, 0x1cb8, 0x0458, 0x0458,
  0x0478, 0x14ba, 0x1cda, 0x24da, 0x1c99, 0x0c38, 0x03d7, 0x03b6, 0x0355, 0x0355, 0x0355, 0x0375, 0x0355, 0x0355, 0x0335, 0x0314,
  0x0314, 0x0314, 0x02f4, 0x02f4, 0x02f4, 0x02f4, 0x02f4, 0x02f4, 0x02f4, 0x02f4, 0x02f4, 0x02f4, 0x02f4, 0x02f4, 0x02f4, 0x02f4,
  0x2cfa, 0x1499, 0x0c58, 0x24da, 0x457c, 0x457c, 0x353b, 0x1cb9, 0x0c38, 0x1479, 0x24da, 0x2d1b, 0x353b, 0x3d5b, 0x3d3b, 0x3d3b,
  0x457b, 0x459c, 0x2d3b, 0x251b, 0x1cfb, 0x1cdb, 0x24fa, 0x24fa, 0x353b, 0x561e, 0x3d7b, 0x1c78, 0x0437, 0x0418, 0x03f7, 0x03f7,
  0x03f7, 0x0417, 0x0417, 0x0438, 0x0458, 0x14b9, 0x1499, 0x0c58, 0x03f7, 0x03f7, 0x0417, 0x0457, 0x0458, 0x0438, 0x0418, 0x0418,
  0x0c57, 0x24b9, 0x4dfe, 0x2cfb, 0x0c17, 0x0418, 0x0438, 0x0457, 0x0458, 0x0458, 0x1499, 0x2d5c, 0x2d1b, 0x0c18, 0x03d6, 0x03d7,
  0x0417, 0x0418, 0x03f8, 0x03d7, 0x03d7, 0x03d7, 0x03f6, 0x03f6, 0x0417, 0x0417, 0x0438, 0x0479, 0x049a, 0x049a, 0x0c79, 0x1478,
  0x351a, 0x4dbd, 0x55fe, 0x353c, 0x1c99, 0x0c37, 0x1c79, 0x2cdb, 0x455b, 0x5e1e, 0x6e9f, 0x4ddd, 0x1c98, 0x0417, 0x0458, 0x0458,
  0x0458, 0x0418, 0x03f7, 0x03f7, 0x03d7, 0x03b6, 0x0376, 0x0376, 0x0355, 0x0335, 0x0355, 0x0335, 0x0334, 0x0314, 0x0314, 0x0314,
  0x0314, 0x0314, 0x0314, 0x02f4, 0x02f4, 0x02f4, 0x02f3, 0x02f4, 0x02f4, 0x02f4, 0x02f4, 0x02f4, 0x02f4, 0x02f4, 0x0314, 0x0314,
  0x0458, 0x0478, 0x0458, 0x1499, 0x351a, 0x3d3b, 0x34fa, 0x24d9, 0x2cfb, 0x3d7c, 0x459c, 0x459c, 0x4dbc, 0x55dd, 0x661e, 0x6e5f,
  0x6e5f, 0x55dd, 0x3d5a, 0x24d9, 0x1c99, 0x1cba, 0x24fa, 0x2d1a, 0x351b, 0x3d7c, 0x2cf9, 0x0c57, 0x0417, 0x0418, 0x0438, 0x0417,
  0x0438, 0x0438, 0x0458, 0x0458, 0x0458, 0x0438, 0x0417, 0x03f6, 0x03d7, 0x03d6, 0x03d6, 0x0417, 0x0438, 0x0438, 0x0438, 0x0418,
  0x1c98, 0x4d9c, 0x45dd, 0x0c79, 0x0417, 0x0418, 0x0439, 0x0c58, 0x2499, 0x353b, 0x459d, 0x3d7c, 0x1479, 0x03f7, 0x03f7, 0x0417,
  0x0418, 0x0417, 0x0417, 0x03f7, 0x03d7, 0x03d7, 0x03d7, 0x03d7, 0x0417, 0x0417, 0x0437, 0x0458, 0x0479, 0x0c99, 0x1cb9, 0x3d1a,
  0x663d, 0x769f, 0x55be, 0x351b, 0x353b, 0x45bd, 0x4dde, 0x55de, 0x5dfe, 0x55fd, 0x353b, 0x0c17, 0x03d6, 0x03f7, 0x03d7, 0x03f7,
  0x03d7, 0x03b6, 0x03b6, 0x0396, 0x0396, 0x0396, 0x0376, 0x0376, 0x0355, 0x0335, 0x0335, 0x0335, 0x0314, 0x0314, 0x0314, 0x0314,
  0x0314, 0x02f4, 0x02f4, 0x02f4, 0x02f4, 0x02f4, 0x02f3, 0x02f3, 0x02f4, 0x02f4, 0x02f4, 0x02f4, 0x02f4, 0x0314, 0x0314, 0x0314,
  0x0479, 0x0478, 0x0c78, 0x1c98, 0x457b, 0x55fd, 0x5e1d, 0x5ddd, 0x55bc, 0x4d7b, 0x453a, 0x455b, 0x559b, 0x663e, 0x767f, 0x767e,
  0x661e, 0x5dfd, 0x5dfd, 0x55fd, 0x459c, 0x24d9, 0x1478, 0x0c58, 0x0c58, 0x1cb9, 0x2d5b, 0x251a, 0x0c99, 0x0458, 0x0438, 0x0418,
  0x0438, 0x0438, 0x0417, 0x0417, 0x0417, 0x03f7, 0x03f7, 0x03f7, 0x03f7, 0x0417, 0x0417, 0x0417, 0x0458, 0x0458, 0x0438, 0x0c58,
  0x351a, 0x55dd, 0x2d1a, 0x0478, 0x0457, 0x0418, 0x0c39, 0x351b, 0x663e, 0x76bf, 0x6e9f, 0x4dbd, 0x2cfa, 0x1c99, 0x0c38, 0x0418,
  0x0418, 0x0418, 0x0438, 0x0417, 0x0417, 0x03f7, 0x03f7, 0x03f7, 0x0417, 0x0417, 0x0417, 0x0c58, 0x1cb9, 0x2d1b, 0x4d7b, 0x767e,
  0x8f1f, 0x7ebf, 0x661e, 0x5dfe, 0x55dd, 0x4dbc, 0x4d9c, 0x4d9c, 0x3d5b, 0x1c78, 0x03b6, 0x03b6, 0x03b6, 0x03b6, 0x0396, 0x0396,
  0x03b6, 0x0396, 0x0395, 0x0375, 0x0375, 0x0355, 0x0355, 0x0335, 0x0335, 0x0335, 0x0314, 0x0314, 0x0314, 0x0314, 0x02f4, 0x02f4,
  0x02f4, 0x02f4, 0x02f4, 0x02f4, 0x02f4, 0x02f4, 0x02f4, 0x02f4, 0x02f4, 0x02f4, 0x0314, 0x0314, 0x0314, 0x0314, 0x0314, 0x0314,
  0x24da, 0x353c, 0x4dbd, 0x5dfe, 0x663d, 0x6e5e, 0x7e9f, 0x7e5f, 0x6e5e, 0x661e, 0x5dfe, 0x5dfe, 0x6e5f, 0x769f, 0x769f, 0x6e7f,
  0x6e7f, 0x6e5f, 0x661d, 0x5dfd, 0x663e, 0x561e, 0x355b, 0x14b9, 0x0c58, 0x0c58, 0x1478, 0x24fa, 0x2d5c, 0x1cda, 0x0c58, 0x0438,
  0x0438, 0x0417, 0x0417, 0x0417, 0x0417, 0x0417, 0x0417, 0x0417, 0x0417, 0x0437, 0x0437, 0x0437, 0x0c58, 0x1cba, 0x24fb, 0x353c,
  0x3d5b, 0x455b, 0x1cd9, 0x0478, 0x0457, 0x1478, 0x353c, 0x5dfd, 0x663e, 0x767f, 0x663e, 0x55dd, 0x55dd, 0x55de, 0x459d, 0x353c,
  0x24fb, 0x149a, 0x0c39, 0x0418, 0x0418, 0x0417, 0x0417, 0x0437, 0x0417, 0x0417, 0x1458, 0x2d1b, 0x4dbd, 0x5e1e, 0x767e, 0x971f,
  0x975f, 0x767e, 0x5ddd, 0x4d7c, 0x455b, 0x455b, 0x4d9c, 0x3d3b, 0x1437, 0x0395, 0x0395, 0x0395, 0x0376, 0x0375, 0x0375, 0x0376,
  0x0396, 0x0375, 0x0375, 0x0355, 0x0355, 0x0335, 0x0335, 0x0314, 0x0314, 0x0314, 0x0314, 0x0314, 0x0314, 0x02f4, 0x02f4, 0x02f4,
  0x02f4, 0x02f4, 0x02f4, 0x02f4, 0x02f4, 0x02f4, 0x02f4, 0x02f4, 0x02f4, 0x0314, 0x0314, 0x0314, 0x0314, 0x0314, 0x0314, 0x0314,
  0x451a, 0x65fe, 0x6e1e, 0x6e3e, 0x663e, 0x665e, 0x65fe, 0x557c, 0x453b, 0x3cfa, 0x34da, 0x34ba, 0x2c79, 0x2478, 0x1c37, 0x1c36,
  0x2458, 0x3d1a, 0x5e1e, 0x6e5e, 0x6e5e, 0x663e, 0x55fe, 0x2d1b, 0x1cba, 0x1479, 0x0c58, 0x0c37, 0x1458, 0x1cda, 0x251b, 0x24fb,
  0x1cda, 0x1cba, 0x1499, 0x1479, 0x1479, 0x0c58, 0x0c58, 0x0c58, 0x0c58, 0x0c58, 0x1499, 0x1cba, 0x2d1b, 0x353c, 0x2d1b, 0x2499,
  0x1cb9, 0x3d5b, 0x1c99, 0x0458, 0x1498, 0x3d5b, 0x55dd, 0x55bb, 0x5e1d, 0x5e1d, 0x4d9b, 0x453a, 0x4d7c, 0x55dd, 0x5e1e, 0x663f,
  0x5e3e, 0x4dfd, 0x3d5c, 0x24bb, 0x1459, 0x0418, 0x0418, 0x0418, 0x0438, 0x1499, 0x3d5c, 0x5dfe, 0x663e, 0x6e5e, 0x86be, 0xa77f,
  0x8f1f, 0x661d, 0x457c, 0x3d5b, 0x3d3b, 0x459c, 0x351b, 0x0bf6, 0x0395, 0x0375, 0x0375, 0x0355, 0x0355, 0x0355, 0x0355, 0x0355,
  0x0375, 0x0355, 0x0355, 0x0335, 0x0335, 0x0315, 0x0314, 0x0314, 0x0314, 0x0314, 0x0314, 0x02f4, 0x02f4, 0x02f4, 0x02f4, 0x02f4,
  0x02f4, 0x02f4, 0x02f4, 0x02f4, 0x02f4, 0x02f4, 0x02f4, 0x02f4, 0x0314, 0x0314, 0x0314, 0x0314, 0x0314, 0x0314, 0x0334, 0x0335,
  0x65dc, 0x765f, 0x663e, 0x4d9b, 0x34f9, 0x1c57, 0x0bf5, 0x0374, 0x0375, 0x0375, 0x0375, 0x0375, 0x0375, 0x0375, 0x0375, 0x0375,
  0x0374, 0x0374, 0x0bd6, 0x3d1a, 0x6e1d, 0x763e, 0x6e5e, 0x55dd, 0x351a, 0x24fa, 0x24fa, 0x1cda, 0x1cba, 0x1cba, 0x1cba, 0x24da,
  0x24da, 0x24da, 0x24fa, 0x24fa, 0x24fb, 0x24fb, 0x24fb, 0x24fb, 0x2cfb, 0x24fb, 0x24fb, 0x1cda, 0x14da, 0x0c99, 0x0498, 0x0478,
  0x0c99, 0x351a, 0x24b9, 0x24da, 0x457c, 0x55bd, 0x559c, 0x55bb, 0x55bc, 0x55bc, 0x455b, 0x3d1a, 0x3d1a, 0x455b, 0x4dbc, 0x55dc,
  0x661d, 0x6e7f, 0x6e9f, 0x665f, 0x55fe, 0x3d5c, 0x24db, 0x1c7a, 0x1458, 0x3d3b, 0x769f, 0x86bf, 0x7e5d, 0x867d, 0xa75f, 0xaf9f,
  0x7ebe, 0x4d9c, 0x3d3b, 0x353c, 0x353c, 0x2cba, 0x0bb6, 0x0375, 0x0375, 0x0375, 0x0355, 0x0355, 0x0355, 0x0355, 0x0355, 0x0355,
  0x0355, 0x0335, 0x0335, 0x0335, 0x0335, 0x0314, 0x0314, 0x02f4, 0x02f4, 0x02f4, 0x02f4, 0x02f4, 0x02f4, 0x02f4, 0x02f4, 0x02f4,
  0x02f4, 0x02f4, 0x02f4, 0x02f4, 0x02f4, 0x02f4, 0x02f4, 0x02f4, 0x02f4, 0x0314, 0x0314, 0x0314, 0x0314, 0x0314, 0x0335, 0x0334,
  0x769f, 0x4dbc, 0x1416, 0x0395, 0x0374, 0x0375, 0x0374, 0x0395, 0x0396, 0x0396, 0x0396, 0x0396, 0x0395, 0x0396, 0x0396, 0x0396,
  0x0395, 0x03b6, 0x03b6, 0x0bf6, 0x559c, 0x7e5e, 0x763d, 0x765e, 0x457b, 0x353a, 0x2d3b, 0x253b, 0x251b, 0x24fa, 0x24da, 0x1cda,
  0x24da, 0x24fa, 0x2cfb, 0x2d1b, 0x2d1b, 0x2d1b, 0x24fa, 0x24da, 0x1cb9, 0x1478, 0x0458, 0x0437, 0x0457, 0x0478, 0x0498, 0x0497,
  0x1478, 0x455b, 0x4dbd, 0x459d, 0x4dbc, 0x4d7c, 0x453b, 0x4d7b, 0x4d7c, 0x455c, 0x455b, 0x3d3a, 0x3d3b, 0x3d5b, 0x459b, 0x4d9c,
  0x55bd, 0x5ddd, 0x661e, 0x6e5e, 0x6e9f, 0x6e9f, 0x6e9f, 0x665f, 0x5dfd, 0x6e1d, 0x9f3f, 0xb7bf, 0xaf5f, 0xaf9f, 0xbfff, 0xaf7f,
  0x7e5e, 0x4d9b, 0x3d7c, 0x353c, 0x1c79, 0x03b6, 0x0376, 0x0376, 0x0375, 0x0375, 0x0355, 0x0355, 0x0355, 0x0355, 0x0355, 0x0355,
  0x0355, 0x0355, 0x0335, 0x0335, 0x0334, 0x0314, 0x0314, 0x02f4, 0x02f4, 0x02f4, 0x02f4, 0x02f4, 0x02f4, 0x02f3, 0x02f4, 0x02f4,
  0x02f3, 0x02f3, 0x02f4, 0x02f4, 0x02f4, 0x02f4, 0x0314, 0x0314, 0x0314, 0x0314, 0x0314, 0x0314, 0x0314, 0x0334, 0x0335, 0x0334,
  0x6e7e, 0x1c57, 0x03b6, 0x03b6, 0x0376, 0x0376, 0x0376, 0x0395, 0x0376, 0x0376, 0x0396, 0x0395, 0x0396, 0x0396, 0x0396, 0x0396,
  0x03b6, 0x03d7, 0x03f8, 0x0c38, 0x559c, 0x8edf, 0x9f3f, 0x8edf, 0x6e7e, 0x353a, 0x0c57, 0x0c79, 0x14b9, 0x1cda, 0x24fa, 0x251b,
  0x2d1b, 0x2d1a, 0x2cfa, 0x2cda, 0x24d9, 0x2cfa, 0x2d1a, 0x2d1b, 0x2d3b, 0x2d3b, 0x24fb, 0x24ba, 0x24ba, 0x24ba, 0x2cfb, 0x355c,
  0x55fe, 0x6e3e, 0x663e, 0x4dbc, 0x455a, 0x3d1b, 0x455c, 0x457c, 0x3d3b, 0x351a, 0x455c, 0x3d5b, 0x3d1b, 0x3d1b, 0x457c, 0x4d9c,
  0x4dbb, 0x5dfc, 0x5dfd, 0x65fd, 0x65fd, 0x6e1d, 0x765e, 0x86bf, 0x971f, 0xa75f, 0xc7bf, 0xcfff, 0xcfff, 0xcfff, 0xc7ff, 0xbfbf,
  0x9f1f, 0x6e5e, 0x3d7c, 0x1478, 0x0395, 0x0375, 0x0355, 0x0355, 0x0375, 0x0375, 0x0355, 0x0335, 0x0335, 0x0335, 0x0335, 0x0335,
  0x0355, 0x0355, 0x0355, 0x0335, 0x0314, 0x0314, 0x02f4, 0x02f4, 0x02f4, 0x02f4, 0x02f4, 0x02f4, 0x02f4, 0x02f4, 0x02f4, 0x02f3,
  0x02f3, 0x02f3, 0x02f4, 0x02f4, 0x02f4, 0x02f4, 0x0314, 0x0314, 0x0314, 0x0314, 0x0314, 0x0314, 0x0314, 0x0314, 0x0334, 0x0334,
  0x1cb9, 0x0c57, 0x0417, 0x03d6, 0x03b6, 0x0396, 0x0396, 0x0375, 0x0375, 0x0375, 0x0395, 0x0395, 0x0396, 0x03b6, 0x03d6, 0x03f7,
  0x0417, 0x0438, 0x0459, 0x1499, 0x2cfa, 0x65fc, 0x8f1f, 0x971f, 0x86ff, 0x4d9b, 0x1457, 0x0437, 0x0438, 0x0437, 0x0437, 0x0437,
  0x0c99, 0x14b9, 0x1cda, 0x251b, 0x2d1b, 0x2d1b, 0x2d1a, 0x2cfa, 0x24b9, 0x24b9, 0x24da, 0x2cdb, 0x2cda, 0x3d5b, 0x55fd, 0x663e,
  0x661d, 0x6e3e, 0x6e7f, 0x55dd, 0x455b, 0x457c, 0x459e, 0x3d5c, 0x2cda, 0x2cfa, 0x3d1b, 0x3d3b, 0x3d1a, 0x453b, 0x4d7c, 0x55bd,
  0x661d, 0x6e7f, 0x665f, 0x5e1e, 0x55fe, 0x55dd, 0x55fd, 0x5dfd, 0x5e1d, 0x6e5d, 0x7e7c, 0x9f3e, 0xb79f, 0xbfbf, 0xcfdf, 0xdfff,
  0xe7ff, 0x975f, 0x24da, 0x03b6, 0x0395, 0x0355, 0x0355, 0x0335, 0x0355, 0x0355, 0x0355, 0x0335, 0x0335, 0x0335, 0x0335, 0x0335,
  0x0335, 0x0355, 0x0335, 0x0334, 0x0314, 0x02f4, 0x02f4, 0x02f4, 0x0314, 0x0314, 0x02f4, 0x02f4, 0x02f4, 0x02f4, 0x02f4, 0x02f4,
  0x02f4, 0x02f4, 0x02f4, 0x02f4, 0x0314, 0x0314, 0x0314, 0x0314, 0x0314, 0x0314, 0x0314, 0x0334, 0x0334, 0x0334, 0x0334, 0x0335,
  0x0438, 0x0c58, 0x0c58, 0x03f7, 0x03b6, 0x0396, 0x0376, 0x0375, 0x0375, 0x0375, 0x0375, 0x0396, 0x0396, 0x03b6, 0x03f7, 0x0417,
  0x0458, 0x0c99, 0x0499, 0x0479, 0x0437, 0x1c97, 0x4d7a, 0x76be, 0x7ebf, 0x559b, 0x1c77, 0x0c37, 0x0417, 0x0417, 0x03f7, 0x03f7,
  0x0417, 0x0437, 0x0437, 0x0c37, 0x0c58, 0x1c99, 0x24d9, 0x2d1b, 0x353b, 0x353c, 0x2d1b, 0x34fa, 0x457b, 0x5e1d, 0x663d, 0x5ddc,
  0x65fc, 0x6e5d, 0x7e9f, 0x769f, 0x6e7f, 0x665f, 0x55bd, 0x34fa, 0x2cfa, 0x2cda, 0x34fa, 0x453b, 0x455b, 0x455b, 0x4dbc, 0x5e3e,
  0x663f, 0x4dbd, 0x2cd9, 0x1c37, 0x1417, 0x1416, 0x1416, 0x13f6, 0x0c36, 0x1436, 0x1c56, 0x3d19, 0x765c, 0x96de, 0x9efe, 0xbf9f,
  0xb77f, 0x55bb, 0x03f7, 0x0396, 0x0375, 0x0375, 0x0355, 0x0335, 0x0335, 0x0355, 0x0355, 0x0355, 0x0335, 0x0335, 0x0335, 0x0335,
  0x0335, 0x0335, 0x0335, 0x0314, 0x0314, 0x02f4, 0x02f4, 0x02f4, 0x0314, 0x0314, 0x02f4, 0x02f4, 0x02f4, 0x02f4, 0x02f4, 0x02f4,
  0x02f4, 0x02f4, 0x02f4, 0x02f4, 0x0314, 0x0314, 0x0314, 0x0314, 0x0314, 0x0314, 0x0335, 0x0334, 0x0334, 0x0334, 0x0335, 0x0355,
  0x03d6, 0x03d6, 0x03f7, 0x03f7, 0x03b6, 0x0396, 0x0395, 0x0375, 0x0375, 0x0375, 0x0375, 0x0376, 0x0396, 0x03b6, 0x03f7, 0x03f7,
  0x0416, 0x0437, 0x0458, 0x0478, 0x0478, 0x0457, 0x0c57, 0x351a, 0x4dbc, 0x55fd, 0x459c, 0x2cfa, 0x1458, 0x0417, 0x0417, 0x03f7,
  0x03f7, 0x03d6, 0x03d6, 0x03f7, 0x03f7, 0x0417, 0x0437, 0x0c78, 0x0c79, 0x1cba, 0x351b, 0x5dfd, 0x767f, 0x769f, 0x767e, 0x769f,
  0x7ebf, 0x7ebf, 0x767f, 0x6e5e, 0x55dc, 0x455b, 0x3d3a, 0x3d3b, 0x3d7c, 0x3d5c, 0x3d5b, 0x457b, 0x4dbc, 0x55dd, 0x5e3e, 0x4ddd,
  0x2cda, 0x0bf6, 0x0395, 0x0395, 0x0375, 0x0375, 0x0395, 0x0396, 0x03b6, 0x03b6, 0x03d6, 0x0bf6, 0x2cd9, 0x663d, 0x7e9e, 0x86be,
  0x559c, 0x0c17, 0x03d6, 0x0395, 0x0375, 0x0376, 0x0356, 0x0335, 0x0335, 0x0335, 0x0335, 0x0355, 0x0335, 0x0335, 0x0335, 0x0335,
  0x0335, 0x0335, 0x0314, 0x0314, 0x02f4, 0x0314, 0x02f4, 0x02f4, 0x02f4, 0x02f4, 0x02f4, 0x02f4, 0x02f4, 0x02f4, 0x02f4, 0x02f4,
  0x02f4, 0x02f4, 0x02f4, 0x0314, 0x0314, 0x0314, 0x0314, 0x0314, 0x0314, 0x0335, 0x0334, 0x0314, 0x0334, 0x0334, 0x0355, 0x0355,
  0x0396, 0x0396, 0x03b6, 0x03d6, 0x03d6, 0x03b6, 0x03b6, 0x0395, 0x0376, 0x0376, 0x0376, 0x0396, 0x0396, 0x03b7, 0x03d7, 0x03b6,
  0x03b6, 0x03d6, 0x0417, 0x0458, 0x0458, 0x0458, 0x0418, 0x0c38, 0x1c98, 0x2cfa, 0x3d5c, 0x3d7c, 0x353b, 0x24b9, 0x0c58, 0x0437,
  0x0417, 0x03f6, 0x03d6, 0x03d6, 0x03d6, 0x03d6, 0x03f7, 0x0417, 0x0438, 0x1437, 0x3cf9, 0x65fc, 0x6e3d, 0x6e5e, 0x665e, 0x4d9c,
  0x351a, 0x2cb9, 0x2478, 0x1417, 0x0bb5, 0x0395, 0x03b5, 0x03d6, 0x1417, 0x1c78, 0x34fa, 0x455c, 0x4dbd, 0x45bd, 0x34fa, 0x1417,
  0x03b6, 0x0396, 0x0396, 0x0376, 0x0396, 0x0396, 0x0376, 0x0375, 0x0396, 0x0396, 0x0396, 0x03b6, 0x0bb5, 0x2c98, 0x661c, 0x7ebf,
  0x45bd, 0x0c59, 0x03b7, 0x0396, 0x0355, 0x0356, 0x0355, 0x0354, 0x0335, 0x0335, 0x0335, 0x0335, 0x0335, 0x0335, 0x0335, 0x0335,
  0x0335, 0x0335, 0x0314, 0x0314, 0x02f4, 0x0314, 0x02f4, 0x02f4, 0x0314, 0x0314, 0x0314, 0x0314, 0x0314, 0x0314, 0x0314, 0x0314,
  0x02f4, 0x02f4, 0x0314, 0x0314, 0x0314, 0x0314, 0x0314, 0x0314, 0x0314, 0x0314, 0x0314, 0x0314, 0x0334, 0x0355, 0x0355, 0x0375,
  0x0355, 0x0355, 0x0355, 0x0396, 0x03b6, 0x03d6, 0x03d6, 0x03b6, 0x0396, 0x0396, 0x0396, 0x03b6, 0x03b6, 0x03d7, 0x03b6, 0x03b6,
  0x0376, 0x0396, 0x03f7, 0x0417, 0x0437, 0x0438, 0x0438, 0x0438, 0x0437, 0x0c58, 0x1478, 0x24b9, 0x2cfa, 0x2d3b, 0x1cda, 0x0458,
  0x0437, 0x0417, 0x03f7, 0x03d7, 0x03b6, 0x03b6, 0x03b7, 0x03d7, 0x03f7, 0x2498, 0x6e1c, 0x86bf, 0x767e, 0x4dbc, 0x1c57, 0x0395,
  0x0375, 0x0395, 0x0396, 0x0396, 0x0396, 0x0396, 0x0396, 0x0396, 0x0375, 0x0375, 0x0375, 0x0395, 0x0395, 0x0395, 0x0395, 0x0375,
  0x0396, 0x0375, 0x0375, 0x0375, 0x0375, 0x0375, 0x0375, 0x0375, 0x0375, 0x0375, 0x0375, 0x0376, 0x0375, 0x0b94, 0x2c77, 0x663d,
  0x5e3e, 0x1479, 0x03b8, 0x0396, 0x0375, 0x0355, 0x0335, 0x0334, 0x0335, 0x0335, 0x0335, 0x0335, 0x0335, 0x0335, 0x0335, 0x0335,
  0x0335, 0x0314, 0x02f4, 0x02f4, 0x0314, 0x0314, 0x0314, 0x0314, 0x0314, 0x0314, 0x0314, 0x0314, 0x0314, 0x0314, 0x02f4, 0x02f4,
  0x0314, 0x0314, 0x0314, 0x0314, 0x0314, 0x0314, 0x0314, 0x0335, 0x0335, 0x0334, 0x0334, 0x0334, 0x0335, 0x0355, 0x0375, 0x0375,
  0x0335, 0x0335, 0x0355, 0x0375, 0x0396, 0x03b6, 0x03d6, 0x03f6, 0x03f7, 0x03d6, 0x03d6, 0x03d6, 0x03f7, 0x03d6, 0x03b6, 0x0396,
  0x0396, 0x03b6, 0x03f7, 0x0417, 0x0458, 0x0458, 0x0458, 0x0458, 0x0458, 0x0438, 0x0437, 0x0c38, 0x1478, 0x1499, 0x0c79, 0x0458,
  0x0437, 0x0438, 0x0417, 0x03f7, 0x03d7, 0x03b6, 0x03b6, 0x03b6, 0x03d6, 0x34b8, 0x86de, 0x973f, 0x663e, 0x1458, 0x03b6, 0x03b6,
  0x0396, 0x0396, 0x0396, 0x0396, 0x0375, 0x0375, 0x0375, 0x0375, 0x0375, 0x0375, 0x0355, 0x0355, 0x0355, 0x0355, 0x0355, 0x0355,
  0x0355, 0x0355, 0x0355, 0x0355, 0x0355, 0x0355, 0x0355, 0x0355, 0x0355, 0x0355, 0x0376, 0x0356, 0x0375, 0x0375, 0x0374, 0x451a,
  0x769e, 0x3d5c, 0x0419, 0x0397, 0x0375, 0x0335, 0x0355, 0x0355, 0x0335, 0x0335, 0x0335, 0x0335, 0x0335, 0x0335, 0x0335, 0x0335,
  0x0335, 0x0314, 0x0314, 0x02f4, 0x0314, 0x0314, 0x0314, 0x0314, 0x0314, 0x0314, 0x0314, 0x0314, 0x0314, 0x0314, 0x0314, 0x0314,
  0x0314, 0x0314, 0x0314, 0x0314, 0x0314, 0x0314, 0x0334, 0x0335, 0x0335, 0x0335, 0x0335, 0x0355, 0x0355, 0x0375, 0x0375, 0x0375,
  0x0335, 0x0355, 0x0355, 0x0355, 0x0375, 0x03b6, 0x03b6, 0x03d6, 0x03f7, 0x03f7, 0x03f7, 0x03f7, 0x03d6, 0x03d6, 0x0396, 0x0396,
  0x0396, 0x03d7, 0x03f7, 0x0437, 0x0458, 0x0478, 0x0499, 0x0478, 0x0458, 0x0458, 0x0458, 0x0458, 0x0458, 0x0458, 0x0458, 0x0417,
  0x0417, 0x0417, 0x0417, 0x03f7, 0x03f7, 0x03f7, 0x03f7, 0x03f7, 0x0bf6, 0x3cf9, 0x8edf, 0x8f1f, 0x3d7c, 0x0418, 0x03d7, 0x03b6,
  0x0396, 0x0395, 0x0396, 0x0396, 0x0375, 0x0375, 0x0355, 0x0375, 0x0355, 0x0355, 0x0355, 0x0335, 0x0335, 0x0335, 0x0335, 0x0335,
  0x0355, 0x0335, 0x0334, 0x0335, 0x0334, 0x0334, 0x0355, 0x0355, 0x0355, 0x0355, 0x0355, 0x0355, 0x0376, 0x0355, 0x0375, 0x0bb5,
  0x55bb, 0x5e3f, 0x24ba, 0x03f7, 0x0396, 0x0356, 0x0355, 0x0354, 0x0335, 0x0335, 0x0335, 0x0335, 0x0335, 0x0335, 0x0335, 0x0314,
  0x0335, 0x0335, 0x0314, 0x0314, 0x0334, 0x0314, 0x0314, 0x0314, 0x0314, 0x0314, 0x0314, 0x0314, 0x0314, 0x0314, 0x0314, 0x0314,
  0x0314, 0x0314, 0x0314, 0x02f4, 0x0314, 0x0334, 0x0335, 0x0335, 0x0335, 0x0335, 0x0355, 0x0375, 0x0375, 0x0375, 0x0375, 0x0395,
  0x0334, 0x0335, 0x0335, 0x0335, 0x0355, 0x0375, 0x0395, 0x03b6, 0x03d6, 0x03d6, 0x03d6, 0x03d6, 0x03b6, 0x03b6, 0x0395, 0x0375,
  0x0396, 0x03d6, 0x03f7, 0x0418, 0x0438, 0x147a, 0x14ba, 0x1499, 0x0c79, 0x0459, 0x0479, 0x0479, 0x0458, 0x0438, 0x0438, 0x0418,
  0x03f7, 0x03f7, 0x03f7, 0x0417, 0x0417, 0x0417, 0x0417, 0x0417, 0x1c79, 0x5dfd, 0x86bf, 0x5dbc, 0x1c99, 0x0459, 0x0418, 0x03d6,
  0x03b6, 0x03b6, 0x03b6, 0x0396, 0x0396, 0x0376, 0x0375, 0x0375, 0x0355, 0x0355, 0x0334, 0x0334, 0x0334, 0x0334, 0x0334, 0x0334,
  0x0335, 0x0334, 0x0335, 0x0334, 0x0334, 0x0335, 0x0335, 0x0335, 0x0335, 0x0335, 0x0335, 0x0335, 0x0335, 0x0355, 0x0355, 0x0375,
  0x1c36, 0x55fd, 0x353b, 0x0c36, 0x03f7, 0x0397, 0x0376, 0x0354, 0x0335, 0x0335, 0x0335, 0x0335, 0x0335, 0x0335, 0x0335, 0x0335,
  0x0335, 0x0335, 0x0335, 0x0334, 0x0335, 0x0334, 0x0314, 0x0314, 0x0334, 0x0334, 0x0334, 0x0334, 0x0334, 0x0334, 0x0334, 0x0314,
  0x0314, 0x0314, 0x0314, 0x0314, 0x0335, 0x0335, 0x0355, 0x0335, 0x0355, 0x0355, 0x0375, 0x0375, 0x0375, 0x0395, 0x03b6, 0x0bf7,
  0x0335, 0x0335, 0x0335, 0x0334, 0x0335, 0x0355, 0x0375, 0x0375, 0x0396, 0x03b6, 0x03b6, 0x03b6, 0x03b6, 0x0396, 0x0375, 0x0375,
  0x0396, 0x03d7, 0x0417, 0x0418, 0x0438, 0x0c79, 0x1cdb, 0x24fb, 0x24da, 0x1c9a, 0x149a, 0x0459, 0x0459, 0x0479, 0x0458, 0x0458,
  0x0438, 0x0438, 0x0418, 0x0418, 0x03f7, 0x0417, 0x0417, 0x0c57, 0x2cda, 0x45bd, 0x351b, 0x24b9, 0x14ba, 0x0c79, 0x0418, 0x03d7,
  0x03d7, 0x03d7, 0x03b6, 0x03b6, 0x0396, 0x0395, 0x0375, 0x0355, 0x0355, 0x0335, 0x0335, 0x0335, 0x0334, 0x0334, 0x0314, 0x0314,
  0x0314, 0x0314, 0x0314, 0x0335, 0x0314, 0x0334, 0x0334, 0x0334, 0x0334, 0x0334, 0x0335, 0x0335, 0x0335, 0x0335, 0x0335, 0x0335,
  0x0395, 0x34fa, 0x3d7c, 0x0c37, 0x03d7, 0x03b7, 0x0396, 0x0375, 0x0355, 0x0335, 0x0335, 0x0335, 0x0335, 0x0335, 0x0355, 0x0355,
  0x0355, 0x0355, 0x0335, 0x0335, 0x0335, 0x0314, 0x0314, 0x0314, 0x0334, 0x0335, 0x0335, 0x0335, 0x0355, 0x0335, 0x0335, 0x0335,
  0x0334, 0x0335, 0x0335, 0x0355, 0x0355, 0x0375, 0x0355, 0x0355, 0x0355, 0x0376, 0x0396, 0x03b6, 0x03b6, 0x03d7, 0x0417, 0x1479,
  0x0335, 0x0335, 0x0335, 0x0335, 0x0335, 0x0335, 0x0355, 0x0375, 0x0395, 0x0395, 0x0396, 0x0396, 0x0396, 0x0375, 0x0375, 0x0396,
  0x0396, 0x03d7, 0x03f7, 0x0417, 0x0417, 0x0c58, 0x1cda, 0x2d1c, 0x353c, 0x353c, 0x2d1b, 0x24da, 0x14ba, 0x14ba, 0x14ba, 0x149a,
  0x14b9, 0x0c99, 0x0479, 0x0459, 0x0418, 0x0418, 0x03f7, 0x0437, 0x1cb9, 0x1c99, 0x0c37, 0x0c78, 0x0c99, 0x0c99, 0x0458, 0x0418,
  0x03f7, 0x03d7, 0x03b6, 0x0396, 0x0396, 0x0396, 0x0375, 0x0355, 0x0355, 0x0335, 0x0335, 0x0335, 0x0314, 0x0314, 0x0314, 0x0314,
  0x0314, 0x0314, 0x0314, 0x0314, 0x0314, 0x0314, 0x0314, 0x0314, 0x0314, 0x0314, 0x0314, 0x0334, 0x0334, 0x0335, 0x0335, 0x0335,
  0x0334, 0x13f6, 0x3d5b, 0x1c99, 0x03b7, 0x03b7, 0x0396, 0x0375, 0x0375, 0x0355, 0x0335, 0x0335, 0x0335, 0x0355, 0x0355, 0x0375,
  0x0375, 0x0375, 0x0355, 0x0355, 0x0355, 0x0355, 0x0355, 0x0355, 0x0375, 0x0375, 0x0375, 0x0375, 0x0375, 0x0375, 0x0355, 0x0375,
  0x0396, 0x0396, 0x03b6, 0x03b6, 0x03d6, 0x03d6, 0x03d6, 0x03d6, 0x03f7, 0x0417, 0x0438, 0x0458, 0x0478, 0x0478, 0x0478, 0x0478,
  0x0335, 0x0334, 0x0334, 0x0334, 0x0335, 0x0355, 0x0355, 0x0375, 0x0395, 0x0395, 0x0396, 0x0396, 0x0395, 0x0375, 0x0375, 0x0396,
  0x0396, 0x03d6, 0x03f7, 0x03f7, 0x03f7, 0x0417, 0x0c38, 0x0c58, 0x1cbb, 0x353c, 0x4dbd, 0x455b, 0x3519, 0x24b9, 0x1cb9, 0x1499,
  0x1499, 0x0c99, 0x0cba, 0x0cba, 0x0c9a, 0x0459, 0x0418, 0x0438, 0x0c58, 0x0458, 0x0458, 0x0478, 0x0478, 0x0c99, 0x0cb9, 0x0458,
  0x0417, 0x03d7, 0x03b6, 0x0396, 0x0396, 0x0396, 0x0375, 0x0375, 0x0355, 0x0335, 0x0335, 0x0314, 0x0314, 0x0314, 0x0314, 0x0314,
  0x0314, 0x0314, 0x0314, 0x0314, 0x0314, 0x0314, 0x0314, 0x0314, 0x0314, 0x0314, 0x0314, 0x0314, 0x0334, 0x0335, 0x0335, 0x0335,
  0x0355, 0x0374, 0x1c78, 0x24da, 0x03f8, 0x0396, 0x0375, 0x0375, 0x0375, 0x0355, 0x0335, 0x0335, 0x0355, 0x0376, 0x0376, 0x0375,
  0x0375, 0x0375, 0x0375, 0x0375, 0x0375, 0x0376, 0x0396, 0x03b6, 0x03b6, 0x03d6, 0x03d7, 0x03f7, 0x03d6, 0x03b6, 0x03b6, 0x03b6,
  0x03b6, 0x03b6, 0x03b6, 0x03d6, 0x03b6, 0x03d6, 0x03d6, 0x03d6, 0x03f7, 0x03f7, 0x0417, 0x0438, 0x0458, 0x0438, 0x0417, 0x03d6,
  0x0335, 0x0334, 0x0314, 0x0314, 0x0335, 0x0335, 0x0355, 0x0375, 0x0375, 0x0375, 0x0395, 0x0375, 0x0375, 0x0375, 0x0375, 0x0396,
  0x0396, 0x03d6, 0x03f7, 0x03f7, 0x03f7, 0x03f7, 0x03f7, 0x03f7, 0x0418, 0x24ba, 0x4dbd, 0x5dfd, 0x4d9b, 0x3d3a, 0x2cfa, 0x24b9,
  0x1cb9, 0x1499, 0x1499, 0x0c99, 0x14ba, 0x1499, 0x0c78, 0x0458, 0x0458, 0x0458, 0x0478, 0x0499, 0x0458, 0x0478, 0x0c99, 0x0478,
  0x0417, 0x03d7, 0x03b6, 0x0396, 0x0396, 0x0396, 0x0376, 0x0375, 0x0355, 0x0335, 0x0335, 0x0314, 0x0314, 0x0314, 0x0314, 0x0314,
  0x0314, 0x0314, 0x0314, 0x0314, 0x0314, 0x0314, 0x0314, 0x0314, 0x0314, 0x0314, 0x0314, 0x0314, 0x0314, 0x0314, 0x0314, 0x0335,
  0x0335, 0x0354, 0x0395, 0x1479, 0x0c38, 0x0396, 0x0376, 0x0375, 0x0376, 0x0376, 0x0376, 0x0376, 0x0396, 0x0396, 0x0396, 0x0396,
  0x0396, 0x0395, 0x0375, 0x0396, 0x0396, 0x03b6, 0x03f7, 0x0c38, 0x1c9a, 0x1479, 0x0c18, 0x03d7, 0x0396, 0x0396, 0x0355, 0x0355,
  0x0335, 0x0335, 0x0335, 0x0335, 0x0335, 0x0335, 0x0335, 0x0335, 0x0335, 0x0355, 0x0375, 0x0376, 0x0375, 0x0355, 0x0355, 0x0334,
  0x0355, 0x0335, 0x0314, 0x0314, 0x0334, 0x0334, 0x0335, 0x0355, 0x0355, 0x0375, 0x0375, 0x0375, 0x0375, 0x0396, 0x0396, 0x0396,
  0x0396, 0x03b6, 0x03f7, 0x03f7, 0x03f7, 0x03b6, 0x0396, 0x03b6, 0x03d6, 0x0bf7, 0x2499, 0x459d, 0x561f, 0x561e, 0x55fe, 0x4d9c,
  0x3d3b, 0x2cf9, 0x24d9, 0x1cb9, 0x1499, 0x1cb9, 0x1499, 0x0c58, 0x0458, 0x0458, 0x0458, 0x0458, 0x0438, 0x0437, 0x0437, 0x0438,
  0x0417, 0x03d7, 0x03b6, 0x0396, 0x0375, 0x0396, 0x0376, 0x0375, 0x0355, 0x0355, 0x0335, 0x0314, 0x0314, 0x0314, 0x0314, 0x0314,
  0x0314, 0x0314, 0x0314, 0x0314, 0x0314, 0x0314, 0x0314, 0x02f4, 0x0314, 0x0314, 0x0314, 0x0314, 0x02f4, 0x02f4, 0x0314, 0x0335,
  0x0335, 0x0334, 0x0375, 0x03d6, 0x0c38, 0x03d7, 0x0395, 0x0376, 0x03b6, 0x03b6, 0x03b6, 0x03d7, 0x03d7, 0x03b6, 0x03b6, 0x03b6,
  0x03d7, 0x03b6, 0x03b6, 0x03d6, 0x0bf7, 0x24b9, 0x2d1b, 0x2cfb, 0x1438, 0x0396, 0x0355, 0x0335, 0x0314, 0x0314, 0x0314, 0x0314,
  0x0314, 0x0314, 0x0314, 0x0314, 0x0314, 0x0315, 0x0315, 0x0314, 0x0334, 0x0334, 0x0334, 0x0334, 0x0334, 0x0314, 0x0314, 0x0314,
  0x0355, 0x0335, 0x0334, 0x0314, 0x0314, 0x0334, 0x0335, 0x0335, 0x0355, 0x0355, 0x0375, 0x0375, 0x0375, 0x0396, 0x0396, 0x0396,
  0x0396, 0x0396, 0x03b6, 0x03d6, 0x03b6, 0x0396, 0x0396, 0x0375, 0x0395, 0x03b6, 0x03d7, 0x0c18, 0x1c9a, 0x355c, 0x4dbd, 0x5e3f,
  0x663f, 0x55fd, 0x3d5b, 0x351a, 0x2cfa, 0x2cda, 0x2d1b, 0x1cda, 0x0c99, 0x0438, 0x0417, 0x03f7, 0x03d6, 0x03f7, 0x03f7, 0x0417,
  0x03f7, 0x03f7, 0x03b6, 0x0396, 0x0396, 0x0375, 0x0376, 0x0375, 0x0375, 0x0355, 0x0335, 0x0314, 0x0314, 0x0314, 0x0314, 0x0314,
  0x0314, 0x0314, 0x0314, 0x0314, 0x02f4, 0x02f4, 0x02f4, 0x02f4, 0x02f4, 0x02f4, 0x02f4, 0x02f4, 0x0314, 0x0314, 0x0314, 0x0314,
  0x0335, 0x0335, 0x0355, 0x0395, 0x03f7, 0x0417, 0x03b6, 0x03b6, 0x03d6, 0x0417, 0x0418, 0x03f8, 0x03f7, 0x03f7, 0x03d7, 0x03f7,
  0x03d7, 0x03d6, 0x03d6, 0x24b9, 0x4dde, 0x45bd, 0x2478, 0x0375, 0x0334, 0x0314, 0x0334, 0x0314, 0x0314, 0x0314, 0x0314, 0x0314,
  0x0314, 0x0314, 0x0314, 0x0314, 0x0314, 0x0314, 0x0314, 0x0314, 0x0314, 0x0314, 0x0314, 0x0314, 0x0314, 0x0314, 0x0314, 0x0335,
  0x0335, 0x0355, 0x0335, 0x0334, 0x0314, 0x0334, 0x0334, 0x0334, 0x0335, 0x0355, 0x0355, 0x0355, 0x0375, 0x0375, 0x0396, 0x0396,
  0x0396, 0x0396, 0x0396, 0x0396, 0x0395, 0x0375, 0x0375, 0x0355, 0x0375, 0x0396, 0x03b7, 0x03d8, 0x0418, 0x0c58, 0x24da, 0x455c,
  0x55dd, 0x663e, 0x5e3e, 0x4d9c, 0x455b, 0x4d9d, 0x45de, 0x251b, 0x0438, 0x03f7, 0x03d6, 0x03b6, 0x03b6, 0x03d6, 0x03f6, 0x03f6,
  0x03f7, 0x03f7, 0x03d6, 0x03b6, 0x0396, 0x0375, 0x0375, 0x0375, 0x0375, 0x0355, 0x0335, 0x0335, 0x0314, 0x0314, 0x0314, 0x0314,
  0x0314, 0x0314, 0x0314, 0x0314, 0x02f4, 0x02f4, 0x02f4, 0x02f4, 0x02f4, 0x02f4, 0x02f4, 0x02f4, 0x02f4, 0x02f4, 0x02f4, 0x0314,
  0x0334, 0x0335, 0x0335, 0x0375, 0x03b6, 0x0417, 0x03f7, 0x03d7, 0x0417, 0x0c79, 0x0c59, 0x0418, 0x0418, 0x03f7, 0x03f7, 0x03f7,
  0x03f7, 0x1458, 0x457c, 0x5e3f, 0x3d1b, 0x0bb6, 0x0334, 0x0314, 0x0314, 0x0314, 0x0314, 0x0314, 0x0314, 0x0314, 0x0314, 0x0314,
  0x0314, 0x0314, 0x0314, 0x0314, 0x0314, 0x0314, 0x0314, 0x0314, 0x0314, 0x0314, 0x0314, 0x0314, 0x02f4, 0x02f4, 0x0314, 0x0314,
  0x0335, 0x0335, 0x0335, 0x0335, 0x0335, 0x0335, 0x0335, 0x0335, 0x0335, 0x0335, 0x0355, 0x0355, 0x0375, 0x0375, 0x0375, 0x0395,
  0x0375, 0x0395, 0x0375, 0x0375, 0x0355, 0x0355, 0x0355, 0x0355, 0x0376, 0x0396, 0x03b7, 0x03d7, 0x03f7, 0x0c38, 0x24fb, 0x3d5d,
  0x455b, 0x4d9c, 0x5dfe, 0x661e, 0x661e, 0x55de, 0x353b, 0x0c38, 0x03f7, 0x03d6, 0x03b6, 0x03b6, 0x0396, 0x03b6, 0x03d6, 0x03d6,
  0x03d7, 0x03f7, 0x03d7, 0x03b6, 0x0396, 0x0375, 0x0375, 0x0375, 0x0375, 0x0355, 0x0335, 0x0335, 0x0314, 0x0314, 0x0314, 0x0314,
  0x0314, 0x0314, 0x02f4, 0x02f4, 0x02f4, 0x02f4, 0x02f4, 0x02f4, 0x02f4, 0x02f4, 0x02f4, 0x02f4, 0x02f4, 0x02f4, 0x02f4, 0x0314,
  0x0314, 0x0335, 0x0335, 0x0375, 0x0395, 0x03f7, 0x0418, 0x03f8, 0x1478, 0x251b, 0x0c79, 0x0418, 0x0418, 0x0417, 0x0417, 0x0c37,
  0x2cf9, 0x5e5f, 0x5e1e, 0x2457, 0x0354, 0x0355, 0x0315, 0x0314, 0x0334, 0x0314, 0x0314, 0x0314, 0x0314, 0x0314, 0x0314, 0x0314,
  0x0314, 0x0314, 0x0314, 0x0314, 0x0314, 0x0314, 0x0314, 0x0314, 0x0314, 0x0314, 0x0314, 0x0314, 0x0314, 0x0314, 0x02f4, 0x0314,
  0x0314, 0x0314, 0x0334, 0x0335, 0x0335, 0x0355, 0x0355, 0x0355, 0x0355, 0x0355, 0x0355, 0x0355, 0x0355, 0x0355, 0x0355, 0x0355,
  0x0355, 0x0355, 0x0355, 0x0355, 0x0355, 0x0335, 0x0355, 0x0355, 0x0376, 0x0376, 0x0396, 0x03b7, 0x03d7, 0x0c39, 0x353c, 0x55dd,
  0x4dbc, 0x4d7b, 0x4d7b, 0x457b, 0x3d7c, 0x24db, 0x0c38, 0x03d6, 0x0396, 0x0396, 0x0375, 0x0375, 0x0375, 0x0375, 0x0396, 0x03b6,
  0x03d7, 0x03f7, 0x03f7, 0x03d7, 0x03b6, 0x0375, 0x0355, 0x0355, 0x0375, 0x0355, 0x0355, 0x0335, 0x0334, 0x0314, 0x0314, 0x0314,
  0x0314, 0x0314, 0x0314, 0x02f4, 0x02f4, 0x0314, 0x02f4, 0x02f4, 0x02f4, 0x02f4, 0x02f4, 0x02f4, 0x02f4, 0x02f4, 0x02f4, 0x02f4,
  0x0314, 0x0335, 0x0355, 0x0375, 0x0375, 0x03b6, 0x0437, 0x0417, 0x24da, 0x1cfa, 0x0457, 0x0438, 0x0418, 0x1478, 0x24b8, 0x4dbc,
  0x6ebf, 0x459c, 0x13d6, 0x0334, 0x0335, 0x0314, 0x0314, 0x0314, 0x0334, 0x0314, 0x0314, 0x0314, 0x0314, 0x0314, 0x0314, 0x0314,
  0x0314, 0x0314, 0x0314, 0x0314, 0x02f4, 0x02f4, 0x02f4, 0x02f4, 0x0314, 0x0314, 0x0314, 0x0314, 0x0314, 0x0314, 0x0314, 0x02f4,
  0x0314, 0x0314, 0x0314, 0x0334, 0x0335, 0x0335, 0x0355, 0x0375, 0x0375, 0x0375, 0x0375, 0x0375, 0x0355, 0x0355, 0x0355, 0x0355,
  0x0355, 0x0355, 0x0335, 0x0335, 0x0335, 0x0335, 0x0355, 0x0355, 0x0376, 0x0375, 0x0375, 0x0396, 0x03d7, 0x0c59, 0x3d5c, 0x55bc,
  0x4dbc, 0x4d9b, 0x4d9b, 0x457c, 0x355c, 0x1479, 0x03f7, 0x03b6, 0x0375, 0x0375, 0x0375, 0x0355, 0x0355, 0x0375, 0x0375, 0x0396,
  0x03b6, 0x03d6, 0x03f7, 0x03f7, 0x03f7, 0x03b6, 0x0355, 0x0355, 0x0375, 0x0375, 0x0355, 0x0335, 0x0334, 0x0314, 0x0314, 0x0314,
  0x0314, 0x0314, 0x02f4, 0x02f4, 0x02f4, 0x02f4, 0x02f4, 0x02f4, 0x02f4, 0x02f4, 0x02f4, 0x02f4, 0x02f4, 0x02f4, 0x0314, 0x0314,
  0x0314, 0x0335, 0x0355, 0x0375, 0x0396, 0x0396, 0x0c37, 0x1498, 0x353b, 0x1cb9, 0x0417, 0x0417, 0x0c38, 0x2cda, 0x665f, 0x663e,
  0x2cf9, 0x0395, 0x0354, 0x0355, 0x0335, 0x0314, 0x0314, 0x0335, 0x0335, 0x0334, 0x0314, 0x0314, 0x0314, 0x0314, 0x0314, 0x0314,
  0x0314, 0x0314, 0x0314, 0x02f4, 0x02f4, 0x02f4, 0x02f4, 0x02f4, 0x02f4, 0x02f4, 0x02f4, 0x02f4, 0x0314, 0x0314, 0x0314, 0x02f4,
  0x0314, 0x0314, 0x0314, 0x0314, 0x0314, 0x0334, 0x0355, 0x0355, 0x0375, 0x0375, 0x0375, 0x0375, 0x0375, 0x0355, 0x0355, 0x0355,
  0x0355, 0x0335, 0x0335, 0x0335, 0x0335, 0x0335, 0x0355, 0x0355, 0x0375, 0x0375, 0x0375, 0x0396, 0x03d7, 0x147a, 0x353b, 0x455b,
  0x455b, 0x4d7b, 0x55bc, 0x55fd, 0x353c, 0x0c38, 0x03d7, 0x03b6, 0x0396, 0x0375, 0x0375, 0x0355, 0x0355, 0x0355, 0x0355, 0x0375,
  0x0375, 0x03b6, 0x03d6, 0x03f7, 0x03f7, 0x03d7, 0x0396, 0x0355, 0x0375, 0x0375, 0x0355, 0x0335, 0x0334, 0x0314, 0x0314, 0x0314,
  0x02f4, 0x02f4, 0x02f4, 0x02f4, 0x02f4, 0x02f4, 0x02f4, 0x02f4, 0x02f4, 0x02f4, 0x02f4, 0x02f4, 0x02f4, 0x0314, 0x0314, 0x0314,
  0x0314, 0x0335, 0x0375, 0x0396, 0x0396, 0x0396, 0x0bf7, 0x24da, 0x355c, 0x1479, 0x0418, 0x0438, 0x24b9, 0x5dfe, 0x5dfe, 0x2478,
  0x0395, 0x0374, 0x0355, 0x0334, 0x0315, 0x0335, 0x0334, 0x0334, 0x0335, 0x0334, 0x0314, 0x0314, 0x0314, 0x0314, 0x0314, 0x0314,
  0x0314, 0x02f4, 0x02f4, 0x02f4, 0x02f4, 0x02f4, 0x02f4, 0x02f4, 0x02f4, 0x02f4, 0x02f4, 0x02f4, 0x02f4, 0x02f4, 0x02f4, 0x02f4,
  0x0314, 0x0314, 0x0314, 0x0314, 0x0314, 0x0334, 0x0335, 0x0355, 0x0375, 0x0395, 0x0395, 0x0375, 0x0375, 0x0375, 0x0375, 0x0375,
  0x0335, 0x0335, 0x0335, 0x0335, 0x0335, 0x0335, 0x0335, 0x0355, 0x0375, 0x0355, 0x0375, 0x0375, 0x03d7, 0x1c9a, 0x2cfa, 0x351a,
  0x3d1b, 0x3d3a, 0x455b, 0x4dbd, 0x2d1b, 0x0438, 0x03f7, 0x03d6, 0x0396, 0x0375, 0x0355, 0x0355, 0x0355, 0x0355, 0x0355, 0x0355,
  0x0355, 0x0375, 0x03b6, 0x03d6, 0x0417, 0x0418, 0x03d7, 0x0396, 0x0375, 0x0375, 0x0375, 0x0355, 0x0335, 0x0314, 0x0314, 0x0314,
  0x0314, 0x0314, 0x0314, 0x0314, 0x0314, 0x0314, 0x02f4, 0x02f4, 0x02f4, 0x02f4, 0x02f4, 0x02f4, 0x0314, 0x0314, 0x0314, 0x0314,
  0x0334, 0x0335, 0x0375, 0x0396, 0x03b7, 0x03b6, 0x0bd6, 0x2cfa, 0x3d7c, 0x0c59, 0x0418, 0x0c57, 0x3d5a, 0x5e1e, 0x34da, 0x03d6,
  0x0395, 0x0355, 0x0355, 0x0314, 0x0315, 0x0335, 0x0335, 0x0334, 0x0335, 0x0314, 0x0314, 0x0314, 0x0314, 0x0314, 0x0314, 0x02f4,
  0x02f4, 0x02f4, 0x02f4, 0x02f4, 0x02f4, 0x02f4, 0x02f4, 0x02f4, 0x02f4, 0x02f4, 0x02f4, 0x02f4, 0x02f4, 0x02f4, 0x02f4, 0x02f4,
  0x02f4, 0x02f4, 0x0314, 0x0314, 0x0314, 0x0314, 0x0335, 0x0355, 0x0375, 0x0375, 0x0375, 0x0375, 0x0375, 0x0375, 0x0355, 0x0355,
  0x0355, 0x0355, 0x0335, 0x0334, 0x0335, 0x0335, 0x0335, 0x0355, 0x0355, 0x0355, 0x0355, 0x0375, 0x0bd7, 0x24da, 0x24b9, 0x2cd9,
  0x34fb, 0x3d1a, 0x3d3a, 0x3d7c, 0x24da, 0x0418, 0x03d7, 0x03b6, 0x0396, 0x0375, 0x0375, 0x0355, 0x0355, 0x0335, 0x0335, 0x0335,
  0x0334, 0x0355, 0x0375, 0x0396, 0x03d7, 0x0418, 0x0c58, 0x03d7, 0x0376, 0x0375, 0x0376, 0x0355, 0x0335, 0x0314, 0x0314, 0x0314,
  0x0314, 0x02f4, 0x0314, 0x0314, 0x0314, 0x0314, 0x0314, 0x02f4, 0x0314, 0x0314, 0x0314, 0x0314, 0x0314, 0x0314, 0x0314, 0x0335,
  0x0355, 0x0355, 0x0375, 0x03b6, 0x03d7, 0x03f7, 0x0c16, 0x3d5b, 0x3d9c, 0x0c79, 0x0438, 0x24b9, 0x5dfd, 0x3d7b, 0x0c17, 0x0396,
  0x0375, 0x0355, 0x0335, 0x0335, 0x0335, 0x0335, 0x0335, 0x0334, 0x0314, 0x0314, 0x0314, 0x0314, 0x0314, 0x0314, 0x0314, 0x0314,
  0x02f4, 0x02f4, 0x02f4, 0x02f4, 0x02f4, 0x02f4, 0x02f4, 0x02f4, 0x02f3, 0x02f3, 0x02f3, 0x02f3, 0x02f3, 0x02f4, 0x02f3, 0x02f3,
  0x0314, 0x0314, 0x0314, 0x0314, 0x0334, 0x0334, 0x0335, 0x0355, 0x0355, 0x0355, 0x0355, 0x0355, 0x0355, 0x0355, 0x0355, 0x0335,
  0x0355, 0x0335, 0x0335, 0x0335, 0x0335, 0x0335, 0x0335, 0x0355, 0x0335, 0x0335, 0x0355, 0x0375, 0x0bd6, 0x24fa, 0x1cb9, 0x1499,
  0x24ba, 0x2cfa, 0x353b, 0x355b, 0x1cba, 0x0418, 0x03d7, 0x03b6, 0x0396, 0x0375, 0x0375, 0x0375, 0x0355, 0x0335, 0x0335, 0x0334,
  0x0334, 0x0335, 0x0355, 0x0355, 0x0375, 0x03d6, 0x0c58, 0x0c79, 0x03d7, 0x0375, 0x0396, 0x0376, 0x0355, 0x0355, 0x0335, 0x0314,
  0x0314, 0x0314, 0x0314, 0x0314, 0x0314, 0x0314, 0x0314, 0x0314, 0x0314, 0x0314, 0x0314, 0x0314, 0x0335, 0x0335, 0x0335, 0x0335,
  0x0355, 0x0375, 0x0395, 0x03b6, 0x0417, 0x0437, 0x1c77, 0x4ddc, 0x45bd, 0x0c99, 0x0c79, 0x4d7b, 0x663e, 0x24d9, 0x03d7, 0x0396,
  0x0375, 0x0355, 0x0335, 0x0335, 0x0335, 0x0335, 0x0334, 0x0314, 0x0314, 0x0314, 0x0314, 0x0314, 0x02f4, 0x02f4, 0x02f4, 0x02f4,
  0x02f4, 0x02f4, 0x02f4, 0x02f4, 0x02f4, 0x02f4, 0x02f4, 0x02f4, 0x02f3, 0x02f3, 0x02f3, 0x02f3, 0x02f3, 0x02f3, 0x02f3, 0x02f3,
  0x0334, 0x0334, 0x0314, 0x0314, 0x0335, 0x0335, 0x0335, 0x0335, 0x0335, 0x0335, 0x0335, 0x0335, 0x0335, 0x0334, 0x0334, 0x0334,
  0x0334, 0x0334, 0x0335, 0x0335, 0x0335, 0x0334, 0x0335, 0x0335, 0x0335, 0x0335, 0x0335, 0x0355, 0x0bd6, 0x24da, 0x1499, 0x0c78,
  0x1479, 0x1cb9, 0x2cfa, 0x24fa, 0x1499, 0x0418, 0x03b6, 0x0396, 0x0396, 0x0375, 0x0396, 0x0375, 0x0375, 0x0355, 0x0335, 0x0335,
  0x0334, 0x0335, 0x0335, 0x0335, 0x0375, 0x0395, 0x03d6, 0x0c58, 0x0c38, 0x03d7, 0x0396, 0x03b6, 0x0375, 0x0375, 0x0355, 0x0335,
  0x0334, 0x0335, 0x0334, 0x0314, 0x0314, 0x0314, 0x0314, 0x0334, 0x0314, 0x0335, 0x0335, 0x0335, 0x0355, 0x0355, 0x0355, 0x0375,
  0x0375, 0x0375, 0x0396, 0x03d6, 0x0417, 0x1498, 0x3d5a, 0x6e5e, 0x4d9c, 0x24ba, 0x2cda, 0x663e, 0x55fd, 0x0c58, 0x03d7, 0x0375,
  0x0375, 0x0355, 0x0335, 0x0335, 0x0335, 0x0314, 0x0314, 0x0314, 0x0314, 0x0314, 0x0314, 0x0314, 0x02f4, 0x02f4, 0x02f4, 0x02f4,
  0x02f4, 0x02f3, 0x02f3, 0x02f3, 0x02f3, 0x02f3, 0x02f3, 0x02f3, 0x02f3, 0x02f3, 0x02f3, 0x02f4, 0x02f3, 0x02f3, 0x02f3, 0x02f3,
  0x0334, 0x0334, 0x0334, 0x0334, 0x0335, 0x0335, 0x0335, 0x0335, 0x0335, 0x0334, 0x0314, 0x0314, 0x0314, 0x0314, 0x0314, 0x0314,
  0x0314, 0x0314, 0x0314, 0x0314, 0x0314, 0x0314, 0x0314, 0x0334, 0x0314, 0x0335, 0x0335, 0x0355, 0x03b6, 0x1498, 0x0458, 0x0478,
  0x0458, 0x0c78, 0x1cb9, 0x24da, 0x1cda, 0x0c38, 0x0396, 0x0396, 0x0396, 0x0375, 0x0375, 0x0375, 0x0375, 0x0355, 0x0335, 0x0335,
  0x0335, 0x0335, 0x0335, 0x0335, 0x0335, 0x0375, 0x0375, 0x03d6, 0x0c59, 0x0c79, 0x03f7, 0x03b6, 0x0396, 0x0375, 0x0355, 0x0355,
  0x0335, 0x0335, 0x0335, 0x0335, 0x0335, 0x0335, 0x0335, 0x0335, 0x0335, 0x0335, 0x0355, 0x0355, 0x0355, 0x0375, 0x0375, 0x0396,
  0x0396, 0x0396, 0x0396, 0x03d6, 0x0417, 0x1c78, 0x661d, 0x86df, 0x4d9c, 0x2cba, 0x4d7c, 0x7edf, 0x457b, 0x03f8, 0x03b7, 0x0b75,
  0x0355, 0x0355, 0x0335, 0x0334, 0x0314, 0x0314, 0x0314, 0x0314, 0x02f4, 0x02f4, 0x02f4, 0x02f4, 0x02f4, 0x02f4, 0x02f4, 0x02f4,
  0x02f4, 0x02f4, 0x02f3, 0x02f3, 0x02f3, 0x02f3, 0x02f3, 0x02f3, 0x02f3, 0x02f3, 0x02f4, 0x02f4, 0x02f4, 0x02f4, 0x02f4, 0x02f4,
  0x0334, 0x0314, 0x0335, 0x0334, 0x0334, 0x0335, 0x0334, 0x0314, 0x0314, 0x0314, 0x0314, 0x0314, 0x0314, 0x0314, 0x02f4, 0x02f4,
  0x0314, 0x0314, 0x0314, 0x0314, 0x0314, 0x0314, 0x0314, 0x0314, 0x0314, 0x0314, 0x0335, 0x0355, 0x03b6, 0x0c58, 0x0438, 0x0458,
  0x0458, 0x0c58, 0x1498, 0x251a, 0x2d1b, 0x0c17, 0x0396, 0x0376, 0x0375, 0x0375, 0x0375, 0x0355, 0x0355, 0x0355, 0x0335, 0x0334,
  0x0334, 0x0334, 0x0334, 0x0334, 0x0335, 0x0335, 0x0355, 0x0375, 0x03d6, 0x0c58, 0x0c78, 0x0417, 0x0417, 0x03f7, 0x03b6, 0x0376,
  0x0355, 0x0355, 0x0335, 0x0335, 0x0335, 0x0335, 0x0355, 0x0355, 0x0355, 0x0355, 0x0355, 0x0375, 0x0375, 0x0376, 0x0376, 0x0396,
  0x03b6, 0x0396, 0x03b6, 0x03f7, 0x0417, 0x1c57, 0x767d, 0xa77f, 0x5e1d, 0x3d3b, 0x6e3f, 0x7ebf, 0x24b9, 0x03f6, 0x03b6, 0x0376,
  0x0355, 0x0335, 0x0335, 0x0314, 0x0314, 0x0314, 0x0314, 0x02f4, 0x02f4, 0x02f4, 0x02f4, 0x02f4, 0x02f4, 0x02f4, 0x02f4, 0x02f4,
  0x02f4, 0x02f4, 0x02f4, 0x02f4, 0x02f4, 0x02f4, 0x02f4, 0x02f3, 0x02f3, 0x02f3, 0x02f3, 0x02f4, 0x02f4, 0x02f4, 0x02f4, 0x02f4,
  0x0355, 0x0335, 0x0335, 0x0335, 0x0334, 0x0335, 0x0335, 0x0334, 0x0314, 0x0314, 0x0314, 0x0314, 0x0314, 0x02f4, 0x02f4, 0x02f4,
  0x0314, 0x0314, 0x0314, 0x0314, 0x0314, 0x0314, 0x0314, 0x0314, 0x0314, 0x0314, 0x0314, 0x0355, 0x03b6, 0x0c38, 0x0438, 0x0438,
  0x0438, 0x0438, 0x0c78, 0x24fa, 0x1cb9, 0x03b6, 0x0376, 0x0376, 0x0375, 0x0355, 0x0375, 0x0355, 0x0355, 0x0355, 0x0355, 0x0335,
  0x0334, 0x0314, 0x0334, 0x0314, 0x0334, 0x0334, 0x0335, 0x0355, 0x0375, 0x03d6, 0x0c38, 0x0c79, 0x0478, 0x0438, 0x0418, 0x03d7,
  0x03b7, 0x0396, 0x0376, 0x0376, 0x0375, 0x0355, 0x0375, 0x0375, 0x0356, 0x0376, 0x0376, 0x0396, 0x0396, 0x03b6, 0x03b6, 0x03b6,
  0x03b7, 0x03b6, 0x03f7, 0x03f7, 0x0417, 0x2497, 0x7e9d, 0xaf7f, 0x769e, 0x65fc, 0x8eff, 0x661e, 0x0c38, 0x03f7, 0x03b6, 0x0376,
  0x0355, 0x0335, 0x0335, 0x0314, 0x0314, 0x0314, 0x02f4, 0x02f4, 0x02f4, 0x02f4, 0x02f4, 0x02f4, 0x02f4, 0x02f4, 0x02f4, 0x02f4,
  0x02f4, 0x02f4, 0x02f4, 0x02f3, 0x02f4, 0x02f4, 0x02f4, 0x02f4, 0x02f3, 0x02f3, 0x02f4, 0x02f4, 0x0314, 0x02f4, 0x0314, 0x02f4,
  0x0376, 0x0375, 0x0355, 0x0355, 0x0335, 0x0334, 0x0334, 0x0334, 0x0334, 0x0314, 0x0314, 0x0314, 0x0314, 0x0314, 0x02f4, 0x0314,
  0x02f4, 0x0314, 0x0314, 0x0314, 0x0314, 0x0314, 0x0314, 0x0314, 0x0314, 0x0314, 0x0314, 0x0355, 0x0396, 0x0c17, 0x0458, 0x0437,
  0x0437, 0x0438, 0x0c38, 0x1c9a, 0x0c18, 0x0395, 0x0376, 0x0355, 0x0355, 0x0355, 0x0355, 0x0355, 0x0355, 0x0355, 0x0355, 0x0335,
  0x0334, 0x0314, 0x0334, 0x0314, 0x0314, 0x0314, 0x0334, 0x0335, 0x0354, 0x0375, 0x03b6, 0x0438, 0x0c99, 0x14ba, 0x1499, 0x0c58,
  0x03f8, 0x03d7, 0x03d7, 0x03d7, 0x03b6, 0x0396, 0x0396, 0x0376, 0x0376, 0x0376, 0x0396, 0x0396, 0x03b6, 0x03d6, 0x03d6, 0x03d6,
  0x03d7, 0x03d7, 0x03d6, 0x03f7, 0x1437, 0x453a, 0x96fe, 0xb79f, 0xa75f, 0xa73f, 0xa77f, 0x459c, 0x0438, 0x03d8, 0x03b7, 0x0375,
  0x0355, 0x0335, 0x0335, 0x0314, 0x0314, 0x0314, 0x0314, 0x02f4, 0x02f4, 0x02f4, 0x02f4, 0x02f4, 0x02f4, 0x02f4, 0x02f4, 0x02f4,
  0x02f4, 0x02f4, 0x02f4, 0x02f4, 0x02f4, 0x02f4, 0x02f4, 0x02f4, 0x02f4, 0x02f4, 0x02f4, 0x0314, 0x0315, 0x0314, 0x0314, 0x0314,
  0x0396, 0x0396, 0x0396, 0x0375, 0x0355, 0x0335, 0x0334, 0x0334, 0x0334, 0x0314, 0x0314, 0x0314, 0x0314, 0x0314, 0x0314, 0x0314,
  0x0314, 0x0314, 0x0314, 0x0314, 0x0314, 0x0314, 0x0314, 0x0314, 0x0314, 0x0314, 0x0314, 0x0355, 0x0376, 0x03f7, 0x0438, 0x0438,
  0x0437, 0x0438, 0x0c59, 0x0c59, 0x03b7, 0x0376, 0x0375, 0x0355, 0x0355, 0x0355, 0x0355, 0x0335, 0x0335, 0x0335, 0x0335, 0x0335,
  0x0334, 0x0314, 0x0334, 0x0314, 0x0314, 0x0314, 0x0314, 0x0334, 0x0334, 0x0355, 0x0375, 0x03b6, 0x0c38, 0x1cb9, 0x24fa, 0x24fa,
  0x1cba, 0x0c59, 0x0438, 0x03f7, 0x03f7, 0x03d7, 0x03b7, 0x03b6, 0x03b6, 0x03b6, 0x03d6, 0x03d7, 0x03d7, 0x03d7, 0x03d7, 0x03f7,
  0x03f8, 0x0c18, 0x1458, 0x351b, 0x563f, 0x7edf, 0xaf9f, 0xcfff, 0xd7ff, 0xcfff, 0x8f3f, 0x2d3a, 0x0438, 0x03d8, 0x0397, 0x0374,
  0x0355, 0x0335, 0x0335, 0x0335, 0x0314, 0x0314, 0x0314, 0x0314, 0x02f4, 0x02f4, 0x02f4, 0x02f4, 0x02f4, 0x02f4, 0x02f4, 0x02f4,
  0x02f4, 0x02f4, 0x02f4, 0x02f4, 0x0314, 0x0314, 0x0314, 0x0314, 0x0314, 0x0315, 0x0315, 0x0314, 0x0314, 0x0334, 0x0355, 0x0b95,
  0x0396, 0x0396, 0x0396, 0x0396, 0x0375, 0x0375, 0x0355, 0x0334, 0x0335, 0x0335, 0x0335, 0x0334, 0x0334, 0x0334, 0x0314, 0x0314,
  0x0314, 0x0314, 0x0314, 0x0314, 0x0314, 0x0314, 0x0314, 0x0314, 0x0314, 0x0314, 0x0335, 0x0355, 0x0375, 0x03b6, 0x0418, 0x0458,
  0x0458, 0x0c58, 0x0418, 0x03d7, 0x0396, 0x0375, 0x0355, 0x0355, 0x0335, 0x0335, 0x0335, 0x0335, 0x0335, 0x0335, 0x0335, 0x0335,
  0x0334, 0x0314, 0x0314, 0x0314, 0x0314, 0x0314, 0x0314, 0x0314, 0x0314, 0x0335, 0x0375, 0x0395, 0x03d6, 0x0c37, 0x1cd9, 0x251a,
  0x2d1b, 0x2d1b, 0x14ba, 0x0458, 0x0438, 0x0438, 0x0418, 0x03f8, 0x0417, 0x03f7, 0x0418, 0x0418, 0x03f7, 0x03f8, 0x0c38, 0x1c9a,
  0x2d1b, 0x4dbd, 0x5e3e, 0x769f, 0x7ebf, 0x8edf, 0xbf7f, 0xdfff, 0xefff, 0xcfff, 0x667d, 0x1499, 0x0c18, 0x03d7, 0x0397, 0x0375,
  0x0355, 0x0355, 0x0335, 0x0335, 0x0314, 0x0334, 0x0314, 0x0314, 0x0314, 0x0314, 0x0314, 0x02f4, 0x0314, 0x0314, 0x02f4, 0x02f4,
  0x0314, 0x0314, 0x0314, 0x0314, 0x0314, 0x0314, 0x0314, 0x0314, 0x0335, 0x0314, 0x0355, 0x0334, 0x0354, 0x0395, 0x1c78, 0x353c,
  0x03f7, 0x03d6, 0x03b6, 0x0396, 0x0375, 0x0375, 0x0375, 0x0375, 0x0355, 0x0355, 0x0355, 0x0355, 0x0355, 0x0355, 0x0335, 0x0335,
  0x0335, 0x0335, 0x0335, 0x0335, 0x0334, 0x0334, 0x0314, 0x0314, 0x0334, 0x0334, 0x0335, 0x0355, 0x0375, 0x0375, 0x03b6, 0x03d6,
  0x03d6, 0x03d6, 0x03b6, 0x0376, 0x0376, 0x0355, 0x0355, 0x0334, 0x0334, 0x0334, 0x0334, 0x0334, 0x0335, 0x0335, 0x0335, 0x0335,
  0x0334, 0x0314, 0x0314, 0x0314, 0x0314, 0x0314, 0x0314, 0x0314, 0x0314, 0x0335, 0x0355, 0x0375, 0x03b6, 0x03f6, 0x0c57, 0x1cb9,
  0x2cda, 0x351b, 0x24fa, 0x1499, 0x0c99, 0x0479, 0x0458, 0x0438, 0x0c38, 0x1459, 0x1479, 0x24b9, 0x2cfa, 0x457b, 0x561d, 0x667f,
  0x767f, 0x769f, 0x7e9e, 0x7e9f, 0x86bf, 0x9ede, 0xcf9f, 0xefff, 0xefff, 0xaf9f, 0x561d, 0x1cba, 0x03d7, 0x03d7, 0x03b6, 0x0376,
  0x0375, 0x0355, 0x0355, 0x0355, 0x0335, 0x0334, 0x0314, 0x0334, 0x0315, 0x0314, 0x0314, 0x0314, 0x0314, 0x0314, 0x0314, 0x0314,
  0x0314, 0x0334, 0x0334, 0x0334, 0x0334, 0x0335, 0x0335, 0x0335, 0x0335, 0x0334, 0x0354, 0x0374, 0x0bd6, 0x2cfa, 0x3d9c, 0x2d1b,
  0x03f7, 0x03d7, 0x03d6, 0x0396, 0x0395, 0x0375, 0x0375, 0x0375, 0x0375, 0x0375, 0x0375, 0x0375, 0x0355, 0x0355, 0x0355, 0x0375,
  0x0375, 0x0355, 0x0355, 0x0375, 0x0355, 0x0355, 0x0335, 0x0334, 0x0334, 0x0335, 0x0355, 0x0355, 0x0375, 0x0395, 0x0396, 0x0375,
  0x0375, 0x0375, 0x0375, 0x0375, 0x0355, 0x0355, 0x0335, 0x0335, 0x0335, 0x0334, 0x0334, 0x0334, 0x0335, 0x0334, 0x0334, 0x0334,
  0x0314, 0x0334, 0x0314, 0x0314, 0x0314, 0x0314, 0x0314, 0x0314, 0x0314, 0x0335, 0x0335, 0x0355, 0x0375, 0x03b6, 0x0417, 0x1498,
  0x2cd9, 0x353b, 0x351b, 0x2cfa, 0x1cb9, 0x1478, 0x1499, 0x251a, 0x459c, 0x5e3e, 0x665f, 0x6e7f, 0x6e9f, 0x6e9f, 0x6e5d, 0x663d,
  0x65fd, 0x5ddc, 0x5ddc, 0x55dc, 0x5ddc, 0x763c, 0xaf1e, 0xdfff, 0xc7bf, 0x86be, 0x561e, 0x1cba, 0x03d7, 0x03b6, 0x0396, 0x0396,
  0x0375, 0x0375, 0x0355, 0x0355, 0x0355, 0x0335, 0x0335, 0x0335, 0x0335, 0x0335, 0x0335, 0x0335, 0x0335, 0x0335, 0x0335, 0x0335,
  0x0335, 0x0335, 0x0335, 0x0335, 0x0335, 0x0355, 0x0355, 0x0355, 0x0375, 0x0375, 0x0354, 0x13f7, 0x351b, 0x355c, 0x24da, 0x1478,
  0x0417, 0x03d7, 0x03d6, 0x03d7, 0x03d7, 0x03b6, 0x0375, 0x0375, 0x0375, 0x0375, 0x0375, 0x0376, 0x0395, 0x0395, 0x0395, 0x0396,
  0x0375, 0x0396, 0x0396, 0x0375, 0x0375, 0x0375, 0x0355, 0x0355, 0x0355, 0x0355, 0x0375, 0x0375, 0x0375, 0x0396, 0x0376, 0x0376,
  0x0375, 0x0375, 0x0375, 0x0375, 0x0355, 0x0355, 0x0335, 0x0335, 0x0334, 0x0314, 0x0314, 0x0314, 0x0334, 0x0334, 0x0334, 0x0334,
  0x0314, 0x0334, 0x0334, 0x0314, 0x0314, 0x0314, 0x0314, 0x0314, 0x0314, 0x0335, 0x0335, 0x0335, 0x0355, 0x0395, 0x03d6, 0x0417,
  0x1c98, 0x355b, 0x457c, 0x459c, 0x4d9c, 0x5e1e, 0x6e9f, 0x6ebf, 0x667e, 0x4ddc, 0x3d5a, 0x34fa, 0x2498, 0x1c58, 0x1437, 0x1417,
  0x1417, 0x0c16, 0x0c16, 0x0437, 0x0c58, 0x1c77, 0x5d7a, 0xa73f, 0x8ede, 0x65fc, 0x5dde, 0x2d1c, 0x0419, 0x03b7, 0x0395, 0x0396,
  0x0396, 0x0396, 0x0375, 0x0375, 0x0355, 0x0355, 0x0335, 0x0335, 0x0335, 0x0335, 0x0335, 0x0335, 0x0335, 0x0335, 0x0335, 0x0355,
  0x0355, 0x0355, 0x0355, 0x0355, 0x0355, 0x0355, 0x0355, 0x0375, 0x0375, 0x0396, 0x249a, 0x457d, 0x353c, 0x1c99, 0x1478, 0x0c38,
  0x0417, 0x0417, 0x0417, 0x03f7, 0x0417, 0x03d7, 0x0396, 0x0376, 0x0375, 0x0375, 0x0396, 0x0396, 0x0395, 0x0375, 0x0375, 0x0395,
  0x0396, 0x0396, 0x0396, 0x0395, 0x0375, 0x0376, 0x0375, 0x0375, 0x0375, 0x0376, 0x0396, 0x0396, 0x0396, 0x0396, 0x0376, 0x0376,
  0x0376, 0x0376, 0x0375, 0x0375, 0x0355, 0x0335, 0x0335, 0x0335, 0x0334, 0x0314, 0x0314, 0x0314, 0x0314, 0x0334, 0x0334, 0x0334,
  0x0314, 0x0314, 0x0314, 0x0314, 0x0314, 0x0314, 0x0314, 0x0314, 0x0314, 0x0314, 0x0314, 0x0335, 0x0355, 0x0375, 0x03b6, 0x03f6,
  0x1457, 0x2d3a, 0x3d7c, 0x3d7c, 0x3d7c, 0x3d5b, 0x2d1a, 0x1c98, 0x0c17, 0x03d6, 0x03d6, 0x03b6, 0x03b6, 0x0396, 0x0396, 0x0396,
  0x0396, 0x03b6, 0x03d6, 0x03f7, 0x0417, 0x0437, 0x34f9, 0x7e9f, 0x765e, 0x559c, 0x4d9c, 0x457c, 0x1c9a, 0x03b7, 0x0396, 0x0396,
  0x0396, 0x0396, 0x0376, 0x0355, 0x0355, 0x0355, 0x0355, 0x0355, 0x0355, 0x0355, 0x0355, 0x0355, 0x0355, 0x0355, 0x0355, 0x0375,
  0x0375, 0x0375, 0x0375, 0x0375, 0x0355, 0x0355, 0x0376, 0x0355, 0x0bf6, 0x3d1b, 0x4d9d, 0x2cfb, 0x1cb9, 0x0478, 0x0c78, 0x0417,
  0x14ba, 0x14ba, 0x1479, 0x0417, 0x03d7, 0x03b6, 0x0375, 0x0375, 0x0396, 0x0396, 0x0396, 0x0396, 0x0376, 0x0375, 0x0375, 0x0375,
  0x0396, 0x0396, 0x0395, 0x0375, 0x0375, 0x0376, 0x0375, 0x0396, 0x03b6, 0x03b6, 0x03b6, 0x03b6, 0x03b6, 0x03d7, 0x03f7, 0x03d7,
  0x0396, 0x0376, 0x0376, 0x0355, 0x0355, 0x0335, 0x0335, 0x0314, 0x0314, 0x0314, 0x0314, 0x0314, 0x0314, 0x0314, 0x0314, 0x0314,
  0x0314, 0x0314, 0x0314, 0x0314, 0x0314, 0x0314, 0x0314, 0x0314, 0x0314, 0x0334, 0x0335, 0x0334, 0x0335, 0x0375, 0x0395, 0x03f7,
  0x1cb9, 0x2d1a, 0x1cb9, 0x1437, 0x0c17, 0x0417, 0x0417, 0x03f6, 0x03d6, 0x03b6, 0x03b6, 0x0396, 0x0396, 0x0396, 0x0376, 0x0396,
  0x0396, 0x0396, 0x0396, 0x03b6, 0x03f6, 0x0436, 0x2cd9, 0x6e5e, 0x661e, 0x455b, 0x3d3b, 0x3d5c, 0x353c, 0x1418, 0x0396, 0x0376,
  0x0396, 0x0376, 0x0375, 0x0375, 0x0375, 0x0355, 0x0355, 0x0355, 0x0375, 0x0375, 0x0375, 0x0375, 0x0376, 0x0376, 0x0375, 0x0376,
  0x0375, 0x0375, 0x0375, 0x0375, 0x0355, 0x0355, 0x0355, 0x1c38, 0x3d7c, 0x457c, 0x2cba, 0x1cb9, 0x0c99, 0x0478, 0x0478, 0x0437,
  0x1479, 0x0418, 0x0438, 0x03f7, 0x0396, 0x0355, 0x0355, 0x0375, 0x0396, 0x0396, 0x0396, 0x0375, 0x0375, 0x0375, 0x0375, 0x0375,
  0x0396, 0x0396, 0x0396, 0x0396, 0x03b6, 0x03b7, 0x03b7, 0x03b7, 0x03b7, 0x03b7, 0x03b6, 0x03b6, 0x03d7, 0x0c59, 0x0c99, 0x0c99,
  0x03f8, 0x0396, 0x0376, 0x0355, 0x0355, 0x0335, 0x0335, 0x0335, 0x0314, 0x0314, 0x0314, 0x0314, 0x0314, 0x0314, 0x0314, 0x0314,
  0x0314, 0x0314, 0x0314, 0x0314, 0x0314, 0x0314, 0x0314, 0x0314, 0x0335, 0x0314, 0x0335, 0x0335, 0x0375, 0x0395, 0x03d6, 0x1c99,
  0x1cb9, 0x0c17, 0x03d6, 0x03d6, 0x03d6, 0x03d6, 0x03d7, 0x03b6, 0x0396, 0x0396, 0x0396, 0x0396, 0x0375, 0x0396, 0x0375, 0x0375,
  0x0375, 0x0396, 0x0396, 0x0396, 0x03d6, 0x03f6, 0x24d8, 0x661e, 0x55fd, 0x3d5b, 0x34fa, 0x2cfb, 0x353c, 0x2cfb, 0x0c18, 0x0396,
  0x0395, 0x0395, 0x0395, 0x0375, 0x0375, 0x0355, 0x0355, 0x0355, 0x0376, 0x0396, 0x0396, 0x0396, 0x03b6, 0x0396, 0x0396, 0x0376,
  0x0375, 0x0375, 0x0376, 0x0375, 0x0375, 0x0375, 0x2458, 0x4d9d, 0x459d, 0x2cda, 0x24ba, 0x1499, 0x0478, 0x0478, 0x0458, 0x0438,
  0x24ba, 0x149a, 0x0c79, 0x03f7, 0x0376, 0x0335, 0x0355, 0x0375, 0x0375, 0x0375, 0x0375, 0x0355, 0x0335, 0x0335, 0x0355, 0x0375,
  0x0396, 0x0376, 0x0376, 0x03b6, 0x0c17, 0x0c38, 0x03f7, 0x03d7, 0x0418, 0x0438, 0x03f8, 0x03f7, 0x1479, 0x0c58, 0x0458, 0x0478,
  0x0c79, 0x03f7, 0x0376, 0x0355, 0x0355, 0x0334, 0x0335, 0x0335, 0x0314, 0x0314, 0x0314, 0x0314, 0x0314, 0x0314, 0x0314, 0x0334,
  0x0334, 0x0334, 0x0314, 0x0314, 0x0314, 0x0314, 0x0314, 0x0335, 0x0314, 0x0335, 0x0355, 0x0355, 0x0395, 0x03f7, 0x1479, 0x1438,
  0x03d6, 0x0396, 0x0396, 0x0396, 0x0376, 0x0396, 0x0396, 0x0396, 0x0376, 0x0375, 0x0375, 0x0375, 0x0375, 0x0375, 0x0375, 0x0375,
  0x0375, 0x0395, 0x0395, 0x0396, 0x03d6, 0x03f6, 0x2cd9, 0x5ddd, 0x459d, 0x353b, 0x2cda, 0x24b9, 0x2cfb, 0x355c, 0x2cfb, 0x0c17,
  0x0396, 0x0395, 0x0396, 0x0396, 0x0376, 0x0376, 0x0375, 0x0376, 0x0396, 0x03b6, 0x03b6, 0x03b6, 0x03b6, 0x0396, 0x0396, 0x0375,
  0x0375, 0x0375, 0x0375, 0x0375, 0x0375, 0x2458, 0x4d9d, 0x4dbd, 0x351b, 0x24b9, 0x1cb9, 0x1499, 0x0478, 0x0cb9, 0x0c79, 0x0c38,
  0x3d3b, 0x24da, 0x1478, 0x03d7, 0x0376, 0x0355, 0x0375, 0x0375, 0x0375, 0x0375, 0x0355, 0x0335, 0x0335, 0x0335, 0x0355, 0x0375,
  0x0396, 0x0396, 0x1438, 0x24ba, 0x2499, 0x24ba, 0x1479, 0x0438, 0x0459, 0x14ba, 0x1cba, 0x2cdb, 0x355d, 0x24da, 0x0c37, 0x0c58,
  0x0c79, 0x0418, 0x0396, 0x0375, 0x0355, 0x0335, 0x0335, 0x0335, 0x0334, 0x0314, 0x0314, 0x0314, 0x0314, 0x0314, 0x0314, 0x0335,
  0x0335, 0x0335, 0x0334, 0x0314, 0x0314, 0x0314, 0x0314, 0x0314, 0x0334, 0x0335, 0x0355, 0x0396, 0x0c17, 0x1479, 0x0bf7, 0x0396,
  0x0375, 0x0375, 0x0375, 0x0375, 0x0375, 0x0375, 0x0355, 0x0355, 0x0355, 0x0375, 0x0375, 0x0355, 0x0375, 0x0375, 0x0375, 0x0375,
  0x0355, 0x0375, 0x0395, 0x0396, 0x03b6, 0x03d6, 0x2cda, 0x55bd, 0x457c, 0x353b, 0x2cfa, 0x24b9, 0x24d9, 0x2d1a, 0x3d5c, 0x2cda,
  0x0bf8, 0x0396, 0x0396, 0x0396, 0x0396, 0x0396, 0x0396, 0x0396, 0x03b6, 0x03d7, 0x03d6, 0x03d6, 0x03d6, 0x0396, 0x0375, 0x0375,
  0x0375, 0x0375, 0x0375, 0x0375, 0x1418, 0x457c, 0x55dd, 0x453a, 0x2cfa, 0x24b9, 0x1cb9, 0x1478, 0x14b9, 0x1cda, 0x0c38, 0x0396,
  0x55bc, 0x4ddd, 0x355b, 0x0c17, 0x0396, 0x0376, 0x0396, 0x0396, 0x0375, 0x0355, 0x0335, 0x0355, 0x0355, 0x0355, 0x0375, 0x0396,
  0x03d6, 0x0bd7, 0x2cdb, 0x3d5c, 0x459c, 0x45bc, 0x3d7c, 0x2d1b, 0x1cba, 0x1479, 0x1c99, 0x24ba, 0x351c, 0x457d, 0x353b, 0x24da,
  0x0c79, 0x03f7, 0x03b6, 0x0396, 0x0376, 0x0355, 0x0335, 0x0334, 0x0335, 0x0334, 0x0314, 0x0314, 0x0314, 0x0314, 0x0314, 0x0334,
  0x0335, 0x0355, 0x0335, 0x0335, 0x0334, 0x0334, 0x0335, 0x0355, 0x0355, 0x0375, 0x03b6, 0x1458, 0x1438, 0x03b6, 0x0355, 0x0355,
  0x0355, 0x0355, 0x0355, 0x0355, 0x0355, 0x0355, 0x0335, 0x0335, 0x0335, 0x0355, 0x0355, 0x0335, 0x0355, 0x0355, 0x0355, 0x0355,
  0x0355, 0x0375, 0x0375, 0x0376, 0x0396, 0x03f6, 0x2cfa, 0x4d9c, 0x3d5c, 0x351b, 0x2cfa, 0x2cd9, 0x24b9, 0x24b9, 0x2d1a, 0x355b,
  0x24bb, 0x03d8, 0x03b7, 0x03b7, 0x03b7, 0x0396, 0x03b6, 0x03d6, 0x03f7, 0x03f7, 0x03f7, 0x03d7, 0x03b6, 0x0396, 0x0375, 0x0375,
  0x0375, 0x0355, 0x0375, 0x1417, 0x3d3b, 0x55de, 0x455b, 0x34d9, 0x24b9, 0x24b9, 0x24d9, 0x1cb9, 0x24fa, 0x1437, 0x0375, 0x0334,
  0x2cd9, 0x2478, 0x1458, 0x03f7, 0x03b6, 0x03b6, 0x03b6, 0x0375, 0x0355, 0x0355, 0x0355, 0x0375, 0x0375, 0x0375, 0x0375, 0x03b6,
  0x03b6, 0x03b6, 0x1c38, 0x453b, 0x5dfd, 0x665e, 0x665f, 0x5e1e, 0x459d, 0x353b, 0x2cfa, 0x2cda, 0x2cba, 0x2cfa, 0x351b, 0x353c,
  0x24db, 0x03d7, 0x0396, 0x03b7, 0x0396, 0x0375, 0x0355, 0x0334, 0x0335, 0x0334, 0x0314, 0x0314, 0x0314, 0x0314, 0x0334, 0x0334,
  0x0355, 0x0375, 0x0375, 0x0355, 0x0355, 0x0355, 0x0355, 0x0375, 0x0395, 0x0c17, 0x1c59, 0x0bf7, 0x0396, 0x0355, 0x0355, 0x0335,
  0x0335, 0x0335, 0x0335, 0x0355, 0x0354, 0x0334, 0x0334, 0x0334, 0x0335, 0x0334, 0x0334, 0x0334, 0x0335, 0x0335, 0x0335, 0x0355,
  0x0335, 0x0375, 0x0375, 0x0375, 0x0396, 0x03d6, 0x24b9, 0x3d5b, 0x351b, 0x351b, 0x2cfa, 0x24d9, 0x24b9, 0x1c99, 0x1c99, 0x24da,
  0x2d1c, 0x24ba, 0x0c18, 0x03d7, 0x03d7, 0x03d6, 0x03f7, 0x0417, 0x0418, 0x0418, 0x03f7, 0x03b6, 0x0396, 0x0396, 0x0375, 0x0375,
  0x0375, 0x0bb6, 0x2499, 0x457c, 0x4dbd, 0x455b, 0x351a, 0x34fa, 0x2cfa, 0x2cfa, 0x24b9, 0x1c58, 0x0bb6, 0x0354, 0x0355, 0x0314,
  0x0395, 0x0395, 0x0396, 0x0396, 0x03d7, 0x03d7, 0x0396, 0x0375, 0x0355, 0x0375, 0x0375, 0x0375, 0x0375, 0x0395, 0x0395, 0x03b6,
  0x03b5, 0x0bf7, 0x34fb, 0x559c, 0x6e3d, 0x8f3f, 0x7ebf, 0x557c, 0x4d7c, 0x4dbd, 0x4dbd, 0x459d, 0x3d7c, 0x2d1a, 0x24b9, 0x24ba,
  0x24db, 0x1459, 0x03d7, 0x03b6, 0x03b6, 0x0396, 0x0375, 0x0355, 0x0335, 0x0335, 0x0334, 0x0334, 0x0334, 0x0334, 0x0335, 0x0335,
  0x0355, 0x0375, 0x0375, 0x0375, 0x0395, 0x0396, 0x03b6, 0x03d7, 0x0c58, 0x0c58, 0x03d7, 0x0396, 0x0375, 0x0355, 0x0335, 0x0335,
  0x0335, 0x0335, 0x0335, 0x0355, 0x0335, 0x0335, 0x0335, 0x0335, 0x0335, 0x0334, 0x0334, 0x0335, 0x0335, 0x0335, 0x0335, 0x0335,
  0x0335, 0x0355, 0x0375, 0x0375, 0x0375, 0x03b6, 0x1c99, 0x3d1b, 0x34fb, 0x351b, 0x2d1b, 0x24da, 0x1cb9, 0x1479, 0x1478, 0x1c99,
  0x2d1a, 0x3d7c, 0x2cfa, 0x0c38, 0x03f7, 0x03f7, 0x0417, 0x0438, 0x0438, 0x03f7, 0x03d6, 0x0396, 0x0375, 0x0375, 0x0375, 0x0bd7,
  0x1c99, 0x351b, 0x459c, 0x4d9c, 0x457c, 0x3d5b, 0x353b, 0x2cfa, 0x1c99, 0x0c17, 0x03d6, 0x0375, 0x0314, 0x0334, 0x0355, 0x02f4,
  0x0375, 0x0396, 0x0395, 0x0396, 0x03b6, 0x0376, 0x0375, 0x0375, 0x0375, 0x0375, 0x0375, 0x0375, 0x0375, 0x0375, 0x0396, 0x03d7,
  0x1457, 0x3519, 0x55dc, 0x6e3e, 0x6e5f, 0x663e, 0x55bc, 0x4d9b, 0x4d5b, 0x559c, 0x55dd, 0x4ddd, 0x4ddd, 0x459c, 0x2cfa, 0x1c99,
  0x1c99, 0x149a, 0x0438, 0x03d7, 0x0396, 0x0375, 0x0375, 0x0375, 0x0375, 0x0375, 0x0355, 0x0335, 0x0335, 0x0335, 0x0335, 0x0355,
  0x0355, 0x0375, 0x0375, 0x0396, 0x03b6, 0x03d6, 0x0417, 0x0c58, 0x0c18, 0x03d6, 0x0396, 0x0375, 0x0355, 0x0335, 0x0335, 0x0335,
  0x0335, 0x0335, 0x0335, 0x0335, 0x0335, 0x0335, 0x0335, 0x0335, 0x0334, 0x0334, 0x0334, 0x0334, 0x0334, 0x0334, 0x0334, 0x0334,
  0x0335, 0x0335, 0x0355, 0x0355, 0x0375, 0x0395, 0x1c78, 0x2cfa, 0x2cba, 0x34fb, 0x2cfa, 0x1cb9, 0x14b9, 0x0c78, 0x0c58, 0x1499,
  0x2cd9, 0x3d1a, 0x4d9c, 0x353b, 0x1479, 0x0438, 0x0438, 0x0c58, 0x0417, 0x03d6, 0x0395, 0x0395, 0x0395, 0x13f7, 0x2499, 0x3d5c,
  0x459d, 0x459d, 0x459d, 0x457c, 0x351b, 0x1c79, 0x0bf7, 0x03b6, 0x0375, 0x0355, 0x0375, 0x0335, 0x0314, 0x0334, 0x0334, 0x0314,
  0x0396, 0x03b6, 0x0396, 0x0395, 0x0355, 0x0355, 0x0355, 0x0355, 0x0375, 0x0375, 0x0375, 0x0355, 0x0355, 0x0376, 0x0396, 0x1438,
  0x457c, 0x5e1d, 0x7edf, 0x6e5e, 0x559c, 0x4d5b, 0x559c, 0x663d, 0x7ebe, 0x7edf, 0x6e7e, 0x663d, 0x5e1d, 0x55fd, 0x459c, 0x351b,
  0x1cb9, 0x0c79, 0x0438, 0x03f8, 0x03d7, 0x0396, 0x0375, 0x0395, 0x0375, 0x0375, 0x0375, 0x0355, 0x0355, 0x0355, 0x0355, 0x0355,
  0x0355, 0x0375, 0x0375, 0x0395, 0x03d6, 0x0417, 0x0438, 0x0417, 0x03b6, 0x0375, 0x0375, 0x0355, 0x0335, 0x0335, 0x0335, 0x0335,
  0x0335, 0x0335, 0x0335, 0x0335, 0x0335, 0x0335, 0x0334, 0x0334, 0x0334, 0x0334, 0x0334, 0x0334, 0x0334, 0x0334, 0x0334, 0x0334,
  0x0335, 0x0335, 0x0335, 0x0335, 0x0375, 0x0395, 0x1458, 0x2cfa, 0x2cd9, 0x24da, 0x24b9, 0x1cba, 0x1cba, 0x1cb9, 0x1499, 0x1cb9,
  0x1c99, 0x2cda, 0x3cfa, 0x4d9c, 0x4ddd, 0x355b, 0x2d1b, 0x355c, 0x251b, 0x1cba, 0x24ba, 0x2cda, 0x353c, 0x3d7d, 0x3d5c, 0x353b,
  0x2cfa, 0x2499, 0x1c99, 0x1438, 0x03d6, 0x0396, 0x0376, 0x0375, 0x0355, 0x0355, 0x0335, 0x0334, 0x0334, 0x0314, 0x0314, 0x0314,
  0x03b6, 0x03b6, 0x0375, 0x0355, 0x0355, 0x0355, 0x0355, 0x0375, 0x0375, 0x0355, 0x0355, 0x0355, 0x0375, 0x0375, 0x03b6, 0x1459,
  0x455c, 0x663f, 0x6e7f, 0x55bb, 0x4d7a, 0x65fc, 0x767e, 0x7e7e, 0x86fe, 0x8f5f, 0x871f, 0x7eff, 0x769e, 0x6e5e, 0x6e5f, 0x5e1e,
  0x3d5c, 0x1499, 0x0439, 0x0418, 0x03d7, 0x03b7, 0x0396, 0x0396, 0x0375, 0x0395, 0x0375, 0x0375, 0x0375, 0x0375, 0x0355, 0x0355,
  0x0355, 0x0355, 0x0355, 0x0375, 0x03b6, 0x03f7, 0x0417, 0x03d7, 0x0396, 0x0355, 0x0355, 0x0355, 0x0335, 0x0335, 0x0335, 0x0335,
  0x0335, 0x0335, 0x0335, 0x0335, 0x0335, 0x0335, 0x0334, 0x0334, 0x0334, 0x0334, 0x0334, 0x0314, 0x0334, 0x0334, 0x0334, 0x0334,
  0x0334, 0x0334, 0x0335, 0x0335, 0x0355, 0x0355, 0x0bf7, 0x2cda, 0x24fa, 0x1cb9, 0x1479, 0x1c99, 0x1cb9, 0x24da, 0x24fa, 0x24fa,
  0x2cfa, 0x3d1b, 0x559d, 0x7e9f, 0x7eff, 0x76bf, 0x5e3e, 0x3d7c, 0x24fb, 0x1cba, 0x1c99, 0x1c79, 0x1458, 0x0c17, 0x0bf7, 0x03f6,
  0x0416, 0x03f6, 0x03f6, 0x03b6, 0x0396, 0x0376, 0x0375, 0x0355, 0x0355, 0x0335, 0x0314, 0x0334, 0x0335, 0x0314, 0x02f3, 0x0314,
  0x0396, 0x0396, 0x0375, 0x0375, 0x0375, 0x0375, 0x0375, 0x0375, 0x0355, 0x0355, 0x0355, 0x0375, 0x0395, 0x0396, 0x03f7, 0x0c59,
  0x2cda, 0x55ff, 0x663f, 0x5ddc, 0x6e5d, 0x86ff, 0x765d, 0x6dfc, 0x763d, 0x769e, 0x769f, 0x769f, 0x7ebf, 0x769f, 0x767f, 0x6e7f,
  0x5e1e, 0x3d7c, 0x1cda, 0x0c59, 0x0c58, 0x0418, 0x03d7, 0x0376, 0x0375, 0x0395, 0x0396, 0x0396, 0x0396, 0x0396, 0x0375, 0x0375,
  0x0355, 0x0355, 0x0355, 0x0375, 0x03b6, 0x03f7, 0x0417, 0x03b6, 0x0355, 0x0335, 0x0335, 0x0355, 0x0335, 0x0335, 0x0335, 0x0335,
  0x0335, 0x0335, 0x0335, 0x0335, 0x0334, 0x0334, 0x0334, 0x0335, 0x0334, 0x0334, 0x0314, 0x0314, 0x0334, 0x0334, 0x0334, 0x0334,
  0x0334, 0x0334, 0x0335, 0x0335, 0x0355, 0x0355, 0x03b6, 0x24b9, 0x2cfb, 0x1cd9, 0x0c58, 0x0c78, 0x1498, 0x24d9, 0x2cba, 0x2cda,
  0x455a, 0x6e5e, 0x8eff, 0x7e9f, 0x5dbc, 0x455b, 0x3d5b, 0x1c99, 0x0bf7, 0x03b6, 0x03b6, 0x03b6, 0x03b6, 0x03b6, 0x03b6, 0x03b6,
  0x03f6, 0x03d6, 0x03b6, 0x0396, 0x0376, 0x0376, 0x0355, 0x0335, 0x0335, 0x0334, 0x02f4, 0x0335, 0x0335, 0x02f4, 0x02d3, 0x02f4,
  0x0396, 0x0395, 0x0395, 0x0396, 0x03b6, 0x03b6, 0x0396, 0x0375, 0x0375, 0x0396, 0x0396, 0x0396, 0x0396, 0x03f7, 0x0418, 0x0438,
  0x1479, 0x353c, 0x5dff, 0x65fd, 0x7e9e, 0x975f, 0x86df, 0x767f, 0x6e3f, 0x55bd, 0x55bd, 0x661e, 0x6e5f, 0x6e5f, 0x6e5f, 0x6e5f,
  0x665e, 0x55fd, 0x3d9d, 0x24fa, 0x0458, 0x03f7, 0x03d7, 0x0396, 0x0375, 0x0395, 0x0396, 0x0396, 0x0396, 0x0396, 0x0396, 0x0375,
  0x0355, 0x0355, 0x0355, 0x0375, 0x03b6, 0x03d7, 0x03d7, 0x03b6, 0x0355, 0x0335, 0x0335, 0x0355, 0x0335, 0x0335, 0x0335, 0x0335,
  0x0334, 0x0334, 0x0335, 0x0334, 0x0334, 0x0314, 0x0334, 0x0334, 0x0334, 0x0334, 0x0314, 0x0314, 0x0334, 0x0314, 0x0314, 0x0314,
  0x0334, 0x0335, 0x0335, 0x0335, 0x0355, 0x0375, 0x0395, 0x1c58, 0x34fb, 0x24b9, 0x1479, 0x14b9, 0x1499, 0x1cb9, 0x2c99, 0x453b,
  0x6e3e, 0x7edf, 0x6e5e, 0x455a, 0x34da, 0x34da, 0x2cb9, 0x351a, 0x24ba, 0x0bf7, 0x0396, 0x0396, 0x0396, 0x0396, 0x03b6, 0x03b6,
  0x03b6, 0x03b6, 0x0396, 0x0375, 0x0375, 0x0355, 0x0335, 0x0335, 0x0335, 0x0314, 0x0314, 0x0314, 0x0314, 0x02f4, 0x02f3, 0x02f4,
  0x24ba, 0x24ba, 0x1c79, 0x0bd7, 0x0395, 0x0375, 0x0375, 0x0375, 0x0376, 0x0396, 0x0375, 0x0375, 0x03b6, 0x03f7, 0x0417, 0x0438,
  0x0479, 0x1cba, 0x4d7d, 0x65fe, 0x765e, 0x767e, 0x76bf, 0x76bf, 0x5e1d, 0x457b, 0x459b, 0x4dbd, 0x5e1d, 0x5dfe, 0x55bd, 0x4d9c,
  0x55dc, 0x5dfd, 0x459c, 0x355c, 0x1cfa, 0x0c37, 0x03b6, 0x0355, 0x0375, 0x0396, 0x0396, 0x0396, 0x0395, 0x0375, 0x0375, 0x0375,
  0x0376, 0x0375, 0x0396, 0x0396, 0x03b6, 0x03f7, 0x03f7, 0x03b6, 0x0355, 0x0335, 0x0335, 0x0355, 0x0335, 0x0335, 0x0335, 0x0335,
  0x0334, 0x0334, 0x0334, 0x0314, 0x0334, 0x0334, 0x0314, 0x0314, 0x0314, 0x0314, 0x0334, 0x0314, 0x0334, 0x0314, 0x0314, 0x0314,
  0x0334, 0x0335, 0x0335, 0x0355, 0x0355, 0x0375, 0x0395, 0x0bd6, 0x34f9, 0x351a, 0x24da, 0x1c99, 0x1c99, 0x34d9, 0x5dbb, 0x8ebe,
  0xa75f, 0x8eff, 0x559c, 0x34fa, 0x2cfb, 0x24ba, 0x24b9, 0x2cda, 0x2d1b, 0x1cba, 0x03f7, 0x0376, 0x0396, 0x0396, 0x0396, 0x0376,
  0x0376, 0x0376, 0x0355, 0x0355, 0x0355, 0x0335, 0x0335, 0x0335, 0x0314, 0x0314, 0x0314, 0x0314, 0x0314, 0x02f4, 0x02f4, 0x02f4,
  0x251b, 0x1cda, 0x1479, 0x03d7, 0x0376, 0x0355, 0x0355, 0x0375, 0x0375, 0x0375, 0x0375, 0x0395, 0x03d7, 0x03f7, 0x03f7, 0x0438,
  0x0459, 0x14b9, 0x2cfa, 0x457c, 0x5dfe, 0x661f, 0x665f, 0x6e9f, 0x665d, 0x561d, 0x4dbc, 0x459c, 0x4dbc, 0x4d9c, 0x457c, 0x459c,
  0x457b, 0x457c, 0x34fa, 0x2cda, 0x357c, 0x2d3b, 0x0bf7, 0x0375, 0x0375, 0x0395, 0x03b6, 0x03b6, 0x0396, 0x0375, 0x0355, 0x0355,
  0x0375, 0x0396, 0x03d6, 0x1458, 0x1479, 0x0c38, 0x0418, 0x03f7, 0x03b6, 0x0375, 0x0375, 0x0375, 0x0375, 0x0355, 0x0335, 0x0335,
  0x0314, 0x0314, 0x0314, 0x0314, 0x0314, 0x0314, 0x0314, 0x0314, 0x0314, 0x0334, 0x0334, 0x0334, 0x0334, 0x0334, 0x0334, 0x0334,
  0x0335, 0x0335, 0x0355, 0x0355, 0x0355, 0x0376, 0x0395, 0x03b5, 0x1c56, 0x351a, 0x3d1b, 0x3d1a, 0x5dbc, 0x8edf, 0xafbf, 0xc7ff,
  0xcfff, 0xafbf, 0x7e9f, 0x457c, 0x2cfa, 0x1cba, 0x1cdb, 0x149a, 0x1499, 0x1cda, 0x1499, 0x03d7, 0x0376, 0x0375, 0x0375, 0x0355,
  0x0335, 0x0335, 0x0335, 0x0335, 0x0335, 0x0334, 0x0335, 0x0314, 0x0314, 0x0314, 0x0314, 0x0314, 0x02f4, 0x02f4, 0x0314, 0x0314,
  0x0417, 0x0438, 0x0418, 0x03d7, 0x0396, 0x0376, 0x0355, 0x0375, 0x0375, 0x0375, 0x0375, 0x0396, 0x03d7, 0x03d7, 0x03d7, 0x0438,
  0x0c79, 0x14b9, 0x1cd9, 0x24fa, 0x353c, 0x351c, 0x4dbd, 0x661e, 0x5dfe, 0x55dd, 0x4dbd, 0x457c, 0x453b, 0x3d3a, 0x3d1a, 0x351a,
  0x3d5b, 0x457c, 0x3d1b, 0x1c58, 0x1c99, 0x24fa, 0x1458, 0x0396, 0x0375, 0x0395, 0x0396, 0x0395, 0x0375, 0x0355, 0x0355, 0x0355,
  0x0395, 0x0396, 0x03b6, 0x0c17, 0x1499, 0x1cfa, 0x1cdb, 0x0c59, 0x03f7, 0x03d6, 0x03b6, 0x03d6, 0x03b6, 0x0375, 0x0355, 0x0335,
  0x0334, 0x0314, 0x0314, 0x0314, 0x0314, 0x0334, 0x0334, 0x0314, 0x0314, 0x0334, 0x0334, 0x0334, 0x0334, 0x0334, 0x0334, 0x0335,
  0x0335, 0x0355, 0x0355, 0x0376, 0x0376, 0x0376, 0x0396, 0x03b6, 0x03d6, 0x2478, 0x5ddc, 0x9f1f, 0xb7bf, 0xc7ff, 0xc7ff, 0xbfbe,
  0xb77f, 0xa77f, 0x975f, 0x769f, 0x4d9c, 0x2cda, 0x1cb9, 0x0c78, 0x0c57, 0x1499, 0x1cda, 0x0c59, 0x03b6, 0x0355, 0x0355, 0x0335,
  0x0335, 0x0334, 0x0335, 0x0335, 0x0334, 0x0334, 0x0314, 0x0314, 0x0314, 0x0314, 0x0314, 0x0314, 0x02f4, 0x02f4, 0x0314, 0x02f4,
  0x1499, 0x0c59, 0x0418, 0x03f7, 0x03f7, 0x03b7, 0x0376, 0x0376, 0x0355, 0x0375, 0x0376, 0x0396, 0x03d7, 0x03d7, 0x03d7, 0x0438,
  0x1479, 0x1cb9, 0x1cb9, 0x0c78, 0x0c99, 0x0c99, 0x24da, 0x457c, 0x4dde, 0x3d3c, 0x353c, 0x3d3b, 0x3d3b, 0x457b, 0x351a, 0x34f9,
  0x353b, 0x3d7b, 0x457b, 0x24b9, 0x03d6, 0x0375, 0x0396, 0x03b6, 0x03d7, 0x03d7, 0x0396, 0x0375, 0x0355, 0x0335, 0x0335, 0x0355,
  0x0375, 0x0396, 0x0395, 0x03b6, 0x03b6, 0x0417, 0x1c99, 0x1cba, 0x0c58, 0x03f7, 0x03d6, 0x03f7, 0x03f7, 0x03b6, 0x0376, 0x0355,
  0x0355, 0x0335, 0x0334, 0x0314, 0x0334, 0x0334, 0x0355, 0x0355, 0x0335, 0x0314, 0x0314, 0x0335, 0x0335, 0x0335, 0x0335, 0x0335,
  0x0335, 0x0355, 0x0355, 0x0375, 0x0376, 0x0376, 0x03b6, 0x03b6, 0x1417, 0x455a, 0x9f5f, 0xd7ff, 0xdfff, 0xd7df, 0xcfde, 0xbfbe,
  0xb79f, 0xb79f, 0xa75f, 0x8eff, 0x6e7f, 0x4dbd, 0x353b, 0x1c99, 0x1479, 0x1498, 0x14d9, 0x14b9, 0x0bd8, 0x0356, 0x0335, 0x0334,
  0x0335, 0x0335, 0x0334, 0x0334, 0x0314, 0x0314, 0x0314, 0x0314, 0x0314, 0x0314, 0x0314, 0x0314, 0x02f4, 0x02f4, 0x02f4, 0x02f4,
  0x03f7, 0x03f7, 0x03f7, 0x0418, 0x0418, 0x03b7, 0x0376, 0x0376, 0x0355, 0x0376, 0x0376, 0x0396, 0x03b7, 0x03d7, 0x03f7, 0x0c38,
  0x1499, 0x1cb9, 0x1cb9, 0x0c79, 0x0458, 0x0479, 0x0438, 0x1c9a, 0x353c, 0x1c99, 0x1478, 0x2d1b, 0x353b, 0x3d3b, 0x3d7b, 0x3d3b,
  0x1c79, 0x1437, 0x351a, 0x353b, 0x1418, 0x0376, 0x0396, 0x0396, 0x03b6, 0x03b6, 0x0396, 0x0375, 0x0355, 0x0355, 0x0355, 0x0355,
  0x0375, 0x0375, 0x0375, 0x0375, 0x0396, 0x0395, 0x03b6, 0x0bf7, 0x0c58, 0x0c78, 0x0c58, 0x0c58, 0x1479, 0x1c59, 0x03b7, 0x0376,
  0x0375, 0x0375, 0x0355, 0x0335, 0x0335, 0x0355, 0x0355, 0x0334, 0x0314, 0x0314, 0x0314, 0x0314, 0x0334, 0x0334, 0x0334, 0x0335,
  0x0335, 0x0335, 0x0355, 0x0355, 0x0376, 0x0396, 0x0396, 0x0bf6, 0x351a, 0x5ddc, 0x7e5d, 0xb75f, 0xcfff, 0xd7ff, 0xc7ff, 0xb79f,
  0xb79f, 0xb7bf, 0xaf9f, 0x8edf, 0x6e3e, 0x5dfe, 0x4ddd, 0x3d5d, 0x2cfb, 0x1cda, 0x14d9, 0x1cda, 0x0c39, 0x0397, 0x0355, 0x0335,
  0x0335, 0x0335, 0x0334, 0x0314, 0x0314, 0x0314, 0x0314, 0x0314, 0x0314, 0x0314, 0x0314, 0x02f4, 0x02f4, 0x02f4, 0x02f4, 0x02f4,
  0x03b6, 0x03b6, 0x03d7, 0x03d7, 0x03d7, 0x0396, 0x0376, 0x0355, 0x0355, 0x0376, 0x0376, 0x0396, 0x03b7, 0x03d7, 0x03f7, 0x0c58,
  0x1cb9, 0x1c99, 0x1cb9, 0x1479, 0x0438, 0x0438, 0x0417, 0x0bf7, 0x1c99, 0x1cda, 0x0c17, 0x0c37, 0x24da, 0x2d1a, 0x351b, 0x353b,
  0x1c99, 0x1436, 0x2cf9, 0x45bd, 0x2cfb, 0x03b7, 0x0376, 0x0375, 0x0355, 0x0375, 0x0355, 0x0375, 0x0355, 0x0375, 0x0375, 0x0375,
  0x0376, 0x0396, 0x0375, 0x0375, 0x0375, 0x0375, 0x0375, 0x0395, 0x03d6, 0x0417, 0x1478, 0x1cd9, 0x2d1b, 0x353b, 0x24ba, 0x03f7,
  0x0396, 0x0396, 0x0376, 0x0375, 0x0355, 0x0355, 0x0355, 0x0335, 0x0314, 0x0314, 0x0314, 0x0314, 0x0314, 0x0314, 0x0334, 0x0334,
  0x0335, 0x0355, 0x0355, 0x0355, 0x0375, 0x0396, 0x0395, 0x1c78, 0x4d7c, 0x4d9c, 0x451a, 0x4d59, 0x763b, 0x9f3e, 0xa75f, 0x8edf,
  0x869e, 0x971e, 0xafbf, 0xafbf, 0x869e, 0x557b, 0x3d1a, 0x351b, 0x2d1b, 0x24db, 0x1c9a, 0x1cba, 0x1499, 0x03f7, 0x0355, 0x0315,
  0x0335, 0x0335, 0x0314, 0x0314, 0x0314, 0x0314, 0x0314, 0x0314, 0x0314, 0x0314, 0x02f4, 0x02f4, 0x02f4, 0x02f4, 0x02f4, 0x02f4,
  0x0396, 0x0396, 0x0396, 0x0396, 0x0396, 0x0376, 0x0375, 0x0355, 0x0375, 0x0375, 0x0376, 0x0396, 0x03b7, 0x03d7, 0x03f7, 0x0c78,
  0x1cb9, 0x1c98, 0x1cb9, 0x0c78, 0x0438, 0x03f8, 0x03f8, 0x03d7, 0x03f7, 0x1cba, 0x0c58, 0x03d6, 0x03d6, 0x1c59, 0x2d1b, 0x1c79,
  0x24f9, 0x3d7b, 0x45bc, 0x45dd, 0x3d7c, 0x0c18, 0x0355, 0x0334, 0x0334, 0x0314, 0x0314, 0x0334, 0x0355, 0x0375, 0x0396, 0x03b6,
  0x03b6, 0x0396, 0x0376, 0x0376, 0x0375, 0x0375, 0x0375, 0x0375, 0x03b6, 0x0417, 0x0c58, 0x1cb9, 0x2d1a, 0x2d1b, 0x24da, 0x0c58,
  0x03f7, 0x03b7, 0x03b6, 0x0396, 0x0376, 0x0355, 0x0355, 0x0335, 0x0314, 0x0314, 0x0314, 0x0314, 0x0314, 0x0314, 0x0314, 0x0314,
  0x0335, 0x0335, 0x0355, 0x0355, 0x0375, 0x0375, 0x0395, 0x2cb9, 0x559d, 0x457c, 0x351b, 0x2cd9, 0x34d9, 0x453a, 0x5ddc, 0x6e5e,
  0x767e, 0x765e, 0x8ede, 0xafbf, 0xaf9f, 0x86bf, 0x65fd, 0x457b, 0x34fa, 0x2cba, 0x249a, 0x1cba, 0x14da, 0x0417, 0x0376, 0x0315,
  0x0335, 0x0315, 0x0314, 0x0314, 0x0314, 0x0314, 0x0314, 0x0314, 0x0314, 0x0314, 0x02f4, 0x02f4, 0x02f4, 0x02f4, 0x02f4, 0x02f4,
  0x0376, 0x0375, 0x0375, 0x0375, 0x0375, 0x0375, 0x0375, 0x0355, 0x0375, 0x0375, 0x0376, 0x0396, 0x03b7, 0x03d7, 0x03f7, 0x0c78,
  0x1cb9, 0x1499, 0x1cb9, 0x0c58, 0x0418, 0x03d7, 0x03d7, 0x03d7, 0x03d7, 0x0bf7, 0x0c38, 0x03b6, 0x0376, 0x0376, 0x0bf7, 0x1438,
  0x03d6, 0x1437, 0x2cda, 0x353c, 0x2cfc, 0x1419, 0x0376, 0x0315, 0x0314, 0x0313, 0x0314, 0x0314, 0x0334, 0x0375, 0x1c38, 0x2cfa,
  0x0c38, 0x03f7, 0x03b7, 0x0396, 0x0376, 0x0375, 0x0395, 0x03d6, 0x0418, 0x0437, 0x0437, 0x1499, 0x1cda, 0x1499, 0x0c58, 0x0437,
  0x03f7, 0x0396, 0x0396, 0x0396, 0x03b6, 0x0396, 0x0375, 0x0355, 0x0334, 0x0334, 0x0334, 0x0334, 0x0334, 0x0334, 0x0334, 0x0334,
  0x0335, 0x0335, 0x0355, 0x0355, 0x0355, 0x0355, 0x0b95, 0x34d9, 0x5e1e, 0x4d9c, 0x351b, 0x24da, 0x24bb, 0x24ba, 0x2499, 0x34f9,
  0x457b, 0x661e, 0x7e7e, 0x96fe, 0xaf7f, 0x9f1f, 0x86ff, 0x7edf, 0x6e7f, 0x559c, 0x453a, 0x353b, 0x1cda, 0x03d7, 0x0356, 0x0335,
  0x0335, 0x0314, 0x0335, 0x0335, 0x0315, 0x0314, 0x0314, 0x0314, 0x0314, 0x02f4, 0x02f4, 0x02f4, 0x02f4, 0x02f4, 0x02f4, 0x02f4,
  0x0355, 0x0355, 0x0375, 0x0375, 0x0375, 0x0375, 0x0375, 0x0375, 0x0375, 0x0375, 0x0376, 0x0396, 0x03b7, 0x03d7, 0x03f7, 0x0c99,
  0x1499, 0x1498, 0x14b9, 0x0c78, 0x0417, 0x03d7, 0x03b7, 0x03b6, 0x03b7, 0x0396, 0x03b6, 0x03b6, 0x0396, 0x0355, 0x0376, 0x0396,
  0x0396, 0x0376, 0x0396, 0x0397, 0x0397, 0x0397, 0x0377, 0x0336, 0x0314, 0x02f3, 0x0314, 0x0314, 0x0334, 0x0354, 0x1417, 0x353b,
  0x24da, 0x1459, 0x0c59, 0x0c59, 0x1438, 0x1438, 0x1458, 0x0c79, 0x0438, 0x0417, 0x0417, 0x0438, 0x0438, 0x0417, 0x0437, 0x0438,
  0x0418, 0x03d7, 0x0396, 0x0396, 0x0396, 0x0396, 0x0396, 0x0376, 0x0375, 0x0355, 0x0355, 0x0355, 0x0355, 0x0335, 0x0335, 0x0335,
  0x0355, 0x0355, 0x0355, 0x0355, 0x0376, 0x0375, 0x0395, 0x3d1a, 0x6e5e, 0x5dfd, 0x3d1b, 0x2cdb, 0x249a, 0x24b9, 0x24b9, 0x1cb9,
  0x24b9, 0x34fa, 0x559b, 0x7e7d, 0x9f3f, 0x9f1f, 0x86bf, 0x7ebf, 0x86df, 0x8f1f, 0x871f, 0x5e3e, 0x249a, 0x0377, 0x0356, 0x0355,
  0x0335, 0x0335, 0x0314, 0x0314, 0x0314, 0x0314, 0x0314, 0x0314, 0x0314, 0x0314, 0x02f4, 0x02f4, 0x02f4, 0x02f4, 0x02f4, 0x02f4,
  0x0335, 0x0335, 0x0355, 0x0355, 0x0355, 0x0355, 0x0375, 0x0375, 0x0375, 0x0375, 0x0376, 0x0396, 0x03d7, 0x03d7, 0x0417, 0x1499,
  0x1499, 0x0c79, 0x14b9, 0x0c99, 0x0417, 0x03b7, 0x03b7, 0x03b6, 0x0396, 0x03b6, 0x0375, 0x0375, 0x0375, 0x0375, 0x0376, 0x0396,
  0x0395, 0x0395, 0x0396, 0x0396, 0x0375, 0x0355, 0x0335, 0x0335, 0x0314, 0x0314, 0x0314, 0x0314, 0x0334, 0x0354, 0x03b5, 0x24b9,
  0x351b, 0x1c79, 0x0438, 0x0c79, 0x1478, 0x1478, 0x0c78, 0x0458, 0x0437, 0x0458, 0x0438, 0x0438, 0x0418, 0x0417, 0x0417, 0x0417,
  0x03f7, 0x03f7, 0x03d7, 0x03b6, 0x03b6, 0x03b6, 0x0396, 0x0396, 0x0396, 0x0376, 0x0396, 0x0396, 0x0396, 0x0396, 0x0376, 0x0376,
  0x0376, 0x0375, 0x0375, 0x0396, 0x0376, 0x0376, 0x0395, 0x34f9, 0x7e9e, 0x767f, 0x4d9d, 0x3d3c, 0x34fa, 0x2cd9, 0x24da, 0x24da,
  0x24ba, 0x24b9, 0x2cb9, 0x4d5a, 0x7e9e, 0x9f3f, 0x8eff, 0x7e9e, 0x869e, 0x8f1f, 0x871f, 0x663e, 0x455d, 0x247a, 0x03b7, 0x0375,
  0x0355, 0x0355, 0x0335, 0x0335, 0x0335, 0x0314, 0x02f4, 0x02f4, 0x0314, 0x0314, 0x0314, 0x02f4, 0x02f4, 0x02f4, 0x02f4, 0x02f4,
  0x0334, 0x0334, 0x0334, 0x0335, 0x0355, 0x0355, 0x0355, 0x0375, 0x0375, 0x0375, 0x0376, 0x0396, 0x03b6, 0x03d7, 0x0417, 0x0c99,
  0x0c79, 0x0478, 0x0cb9, 0x0c99, 0x0418, 0x03d7, 0x03b6, 0x0396, 0x0376, 0x0376, 0x0375, 0x0375, 0x0375, 0x0375, 0x0376, 0x0396,
  0x0396, 0x0396, 0x0396, 0x0397, 0x0396, 0x0375, 0x0335, 0x0314, 0x0334, 0x0314, 0x0314, 0x0314, 0x0334, 0x0354, 0x0bb5, 0x2498,
  0x4d5b, 0x353c, 0x1479, 0x0458, 0x0c78, 0x0436, 0x0417, 0x0437, 0x0437, 0x0458, 0x0c78, 0x1499, 0x1479, 0x0c38, 0x0418, 0x0417,
  0x03f7, 0x03f7, 0x03d7, 0x0396, 0x0396, 0x03b6, 0x0396, 0x0396, 0x03b6, 0x03b6, 0x03b6, 0x03b6, 0x03d7, 0x03d7, 0x03d7, 0x03d7,
  0x03f7, 0x03f7, 0x03d6, 0x03b6, 0x03b7, 0x0396, 0x03b5, 0x1416, 0x6ddb, 0x86ff, 0x6e7f, 0x561d, 0x4ddd, 0x459d, 0x3d3c, 0x2cfb,
  0x24ba, 0x24b9, 0x1cb9, 0x2cd9, 0x5dbc, 0x8edf, 0x8f1f, 0x86bf, 0x86bf, 0x86df, 0x65fd, 0x4d5b, 0x4d9c, 0x457d, 0x351c, 0x1459,
  0x0396, 0x0335, 0x0355, 0x0335, 0x0335, 0x0314, 0x0314, 0x02f4, 0x0314, 0x0314, 0x0314, 0x02f4, 0x02f4, 0x02f4, 0x02f4, 0x02f4,
  0x0334, 0x0334, 0x0334, 0x0334, 0x0335, 0x0335, 0x0355, 0x0355, 0x0375, 0x0375, 0x0375, 0x0375, 0x0396, 0x03d7, 0x0417, 0x0c79,
  0x0c99, 0x0478, 0x0478, 0x0c99, 0x0417, 0x03d7, 0x03b6, 0x0396, 0x0396, 0x0375, 0x0375, 0x0375, 0x0375, 0x0375, 0x0396, 0x0396,
  0x0396, 0x0376, 0x0376, 0x0376, 0x0376, 0x0375, 0x0355, 0x0355, 0x0334, 0x0334, 0x0314, 0x0335, 0x0334, 0x0354, 0x03b5, 0x2498,
  0x4dbc, 0x4dfd, 0x2d3b, 0x1478, 0x0c58, 0x0438, 0x0417, 0x0418, 0x0437, 0x0417, 0x0c58, 0x1479, 0x1499, 0x1499, 0x1499, 0x0c58,
  0x03f7, 0x03f7, 0x0418, 0x03d7, 0x03b6, 0x0396, 0x0376, 0x0375, 0x0395, 0x0375, 0x0395, 0x0396, 0x03b6, 0x03d6, 0x03f7, 0x0417,
  0x0458, 0x0478, 0x0c78, 0x0c59, 0x0418, 0x03f7, 0x03f6, 0x03d5, 0x44d7, 0x8eff, 0x8f1f, 0x7ebe, 0x7e9e, 0x76bf, 0x6e5f, 0x4d7d,
  0x2cfb, 0x24b9, 0x1cb9, 0x24ba, 0x451a, 0x765d, 0x86df, 0x86bf, 0x86df, 0x6e7f, 0x55bc, 0x4d7b, 0x455a, 0x455b, 0x4dbd, 0x459d,
  0x24da, 0x0bf7, 0x0376, 0x0356, 0x0355, 0x0335, 0x0314, 0x0334, 0x0314, 0x0314, 0x0314, 0x0314, 0x02f4, 0x02f4, 0x02f4, 0x02f3,
  0x0314, 0x0314, 0x0314, 0x0314, 0x0314, 0x0334, 0x0335, 0x0355, 0x0355, 0x0355, 0x0375, 0x0375, 0x0396, 0x03b6, 0x0417, 0x149a,
  0x0c79, 0x0478, 0x0499, 0x0c99, 0x0417, 0x03d7, 0x03b6, 0x0396, 0x0395, 0x0375, 0x0375, 0x0375, 0x0375, 0x0375, 0x0396, 0x0396,
  0x0396, 0x0396, 0x0376, 0x0355, 0x0355, 0x0355, 0x0355, 0x0355, 0x0355, 0x0335, 0x0335, 0x0335, 0x0334, 0x0354, 0x0bb5, 0x2cd9,
  0x4d7b, 0x55bd, 0x4d9d, 0x2cda, 0x24ba, 0x1479, 0x0438, 0x0418, 0x0438, 0x0438, 0x0417, 0x0438, 0x0458, 0x1499, 0x1cb9, 0x0c58,
  0x0417, 0x0417, 0x0417, 0x0438, 0x03d7, 0x0396, 0x0395, 0x0396, 0x0375, 0x0376, 0x0375, 0x0375, 0x0396, 0x0396, 0x03b6, 0x03d6,
  0x0417, 0x0c58, 0x1cba, 0x2cfb, 0x351b, 0x351b, 0x34fa, 0x34d9, 0x5539, 0x8efe, 0xbfff, 0xc7df, 0xb79f, 0x973f, 0x767f, 0x55ff,
  0x3d5c, 0x2cd9, 0x24ba, 0x24ba, 0x34b9, 0x65fc, 0x7e9e, 0x767f, 0x5ddd, 0x457b, 0x4dbd, 0x55fd, 0x55dd, 0x4d9c, 0x457b, 0x457c,
  0x4d9d, 0x3d5c, 0x24ba, 0x0bf7, 0x0396, 0x0355, 0x0355, 0x0335, 0x0314, 0x0314, 0x0314, 0x0315, 0x0314, 0x02f4, 0x02f4, 0x02f3,
  0x0314, 0x0314, 0x0314, 0x0314, 0x0334, 0x0314, 0x0334, 0x0335, 0x0335, 0x0355, 0x0355, 0x0375, 0x0375, 0x0396, 0x0417, 0x14ba,
  0x0c99, 0x0458, 0x0479, 0x0479, 0x0437, 0x03d7, 0x03d6, 0x03d6, 0x0396, 0x0375, 0x0375, 0x0375, 0x0375, 0x0396, 0x0396, 0x0396,
  0x0375, 0x0376, 0x0376, 0x0355, 0x0355, 0x0355, 0x0355, 0x0335, 0x0355, 0x0355, 0x0355, 0x0355, 0x0375, 0x0bb6, 0x1c58, 0x3d5b,
  0x5d9d, 0x5d9d, 0x5dde, 0x455c, 0x2cfb, 0x1479, 0x0417, 0x0438, 0x0c58, 0x0c58, 0x0437, 0x0458, 0x0437, 0x0437, 0x0c58, 0x1458,
  0x0458, 0x0437, 0x0457, 0x0438, 0x0417, 0x03d6, 0x03b6, 0x03b6, 0x0376, 0x0376, 0x0376, 0x0396, 0x0396, 0x03b6, 0x03b6, 0x03d7,
  0x03f7, 0x0417, 0x0437, 0x0c78, 0x1c98, 0x351a, 0x55bc, 0x767f, 0x8eff, 0xa77f, 0xb7bf, 0xbfdf, 0xaf9f, 0x8ede, 0x5dfd, 0x3d5b,
  0x3d1b, 0x34fa, 0x2cfa, 0x24db, 0x2cda, 0x55bb, 0x767e, 0x661e, 0x457c, 0x2478, 0x1458, 0x2cda, 0x457c, 0x4dbd, 0x55bd, 0x55bd,
  0x559c, 0x4d7c, 0x4ddd, 0x3d5c, 0x1c79, 0x0396, 0x0355, 0x0356, 0x0335, 0x0334, 0x0334, 0x0314, 0x0314, 0x0314, 0x0314, 0x0314,
  0x0314, 0x0314, 0x0314, 0x0314, 0x0334, 0x0314, 0x0314, 0x0314, 0x0334, 0x0334, 0x0335, 0x0355, 0x0375, 0x0396, 0x03d7, 0x1479,
  0x1cba, 0x0c99, 0x0c99, 0x0c99, 0x0417, 0x03f7, 0x03d7, 0x03d7, 0x0396, 0x0355, 0x0375, 0x0375, 0x0396, 0x0396, 0x0396, 0x0396,
  0x0375, 0x0375, 0x0375, 0x0355, 0x0355, 0x0355, 0x0355, 0x0355, 0x0355, 0x0355, 0x0355, 0x0355, 0x0375, 0x13f7, 0x2499, 0x351b,
  0x3d5c, 0x457c, 0x457d, 0x353c, 0x24da, 0x0c38, 0x0417, 0x0437, 0x0438, 0x0438, 0x0437, 0x0458, 0x0437, 0x0437, 0x0c58, 0x1c99,
  0x1cb9, 0x1478, 0x0c78, 0x1478, 0x1cb9, 0x1c79, 0x1438, 0x1458, 0x1c78, 0x24b9, 0x2cfa, 0x2d1b, 0x353b, 0x353b, 0x351b, 0x2d1b,
  0x351b, 0x353c, 0x355b, 0x3d7c, 0x4dbd, 0x663e, 0x7e7f, 0x86df, 0x86df, 0x7e9e, 0x661d, 0x4d7b, 0x455b, 0x4d9b, 0x55dc, 0x55dc,
  0x457c, 0x351b, 0x24da, 0x24da, 0x1c78, 0x2498, 0x55dc, 0x661e, 0x55dd, 0x3d5c, 0x1459, 0x03b6, 0x0bd6, 0x1c17, 0x2c78, 0x3d1a,
  0x55dd, 0x663e, 0x5e1e, 0x55dd, 0x4d7c, 0x2cda, 0x0bf7, 0x0355, 0x0355, 0x0335, 0x0335, 0x0334, 0x0334, 0x0314, 0x0314, 0x0314,
  0x0314, 0x0314, 0x0314, 0x0314, 0x0314, 0x0314, 0x0314, 0x0314, 0x0334, 0x0314, 0x0334, 0x0334, 0x0355, 0x0396, 0x03b6, 0x03f7,
  0x1c9a, 0x1cda, 0x14ba, 0x0c99, 0x0417, 0x03d6, 0x03f7, 0x03d7, 0x0375, 0x0375, 0x0375, 0x0375, 0x0396, 0x0396, 0x0396, 0x0396,
  0x0396, 0x0375, 0x0375, 0x0355, 0x0355, 0x0355, 0x0355, 0x0355, 0x0355, 0x0355, 0x0375, 0x0355, 0x0375, 0x0375, 0x0395, 0x03b6,
  0x0417, 0x0c58, 0x0c78, 0x14b9, 0x1499, 0x0438, 0x0417, 0x0438, 0x0438, 0x0417, 0x0417, 0x0437, 0x0458, 0x0458, 0x0c38, 0x1c79,
  0x34da, 0x34fa, 0x2cb9, 0x2cb9, 0x3d3b, 0x459d, 0x3d7d, 0x3d9d, 0x3d9c, 0x3d9c, 0x355b, 0x2d1a, 0x2cf9, 0x24d9, 0x2cd9, 0x24d9,
  0x2cfa, 0x353b, 0x3d3c, 0x3d5c, 0x3d5c, 0x3d1b, 0x34f9, 0x34d9, 0x2cd8, 0x1c98, 0x1458, 0x0c18, 0x0418, 0x0c17, 0x1437, 0x24b9,
  0x353b, 0x2cfa, 0x0c38, 0x03f7, 0x03b6, 0x0395, 0x3d1a, 0x6e5f, 0x5ddd, 0x4dbd, 0x3d7d, 0x0c18, 0x03b7, 0x0396, 0x0375, 0x03b6,
  0x0bf6, 0x2c98, 0x4d7c, 0x661f, 0x663f, 0x5dfe, 0x3d5c, 0x1438, 0x0376, 0x0356, 0x0356, 0x0355, 0x0335, 0x0334, 0x0314, 0x02f4,
  0x0314, 0x0314, 0x0314, 0x0314, 0x0314, 0x0314, 0x0314, 0x02f4, 0x0314, 0x0314, 0x0334, 0x0335, 0x0335, 0x0375, 0x03b6, 0x0396,
  0x03d7, 0x1459, 0x14ba, 0x0c58, 0x03d7, 0x03d6, 0x03d6, 0x03b6, 0x0375, 0x0375, 0x0375, 0x0375, 0x0396, 0x03b6, 0x0396, 0x0396,
  0x0396, 0x0396, 0x0375, 0x0375, 0x0375, 0x0375, 0x0355, 0x0355, 0x0355, 0x0355, 0x0375, 0x0375, 0x0396, 0x0396, 0x0375, 0x0375,
  0x0376, 0x0396, 0x03b6, 0x03f7, 0x0417, 0x0418, 0x0438, 0x0438, 0x0438, 0x0438, 0x0438, 0x0438, 0x0458, 0x0458, 0x1479, 0x1c99,
  0x3499, 0x451b, 0x559c, 0x5dfe, 0x55dd, 0x457c, 0x351a, 0x1458, 0x0c17, 0x0c17, 0x03f6, 0x03b6, 0x0395, 0x0395, 0x03b6, 0x03b6,
  0x03d5, 0x03d6, 0x0bd6, 0x0bb6, 0x0bb6, 0x03b6, 0x03b5, 0x03d6, 0x03d6, 0x03f7, 0x0417, 0x0417, 0x03d7, 0x03d6, 0x03d7, 0x03f7,
  0x03f6, 0x1c99, 0x2d3b, 0x24da, 0x0c17, 0x03b6, 0x13f7, 0x65fe, 0x765e, 0x559c, 0x459d, 0x2d1c, 0x0c18, 0x03b6, 0x0396, 0x0396,
  0x0375, 0x0375, 0x0b95, 0x1c37, 0x3d3a, 0x5e3e, 0x6e9f, 0x55fe, 0x2499, 0x0396, 0x0356, 0x0356, 0x0355, 0x0335, 0x0315, 0x0315,
  0x0335, 0x0314, 0x0314, 0x0314, 0x0314, 0x0314, 0x02f4, 0x02f4, 0x0314, 0x0314, 0x0314, 0x0314, 0x0334, 0x0355, 0x0396, 0x0396,
  0x0396, 0x03b6, 0x0417, 0x03f7, 0x03d7, 0x03b7, 0x0396, 0x0396, 0x0355, 0x0375, 0x0375, 0x0375, 0x0396, 0x03b6, 0x0396, 0x0396,
  0x0396, 0x0396, 0x0396, 0x0375, 0x0375, 0x0375, 0x0375, 0x0375, 0x0355, 0x0355, 0x0375, 0x0396, 0x0396, 0x0396, 0x0396, 0x0375,
  0x0376, 0x0355, 0x0355, 0x0375, 0x0396, 0x03d7, 0x0417, 0x0438, 0x0437, 0x0438, 0x0458, 0x0459, 0x0458, 0x0438, 0x0c58, 0x1cb9,
  0x34da, 0x3d1b, 0x55dd, 0x663e, 0x455b, 0x34d9, 0x24b9, 0x0c38, 0x0418, 0x03f7, 0x03f7, 0x03d7, 0x03b7, 0x0396, 0x0376, 0x0396,
  0x0395, 0x03b6, 0x0396, 0x0396, 0x0396, 0x0396, 0x0396, 0x0396, 0x0395, 0x03b6, 0x03d6, 0x03f7, 0x03d7, 0x03b6, 0x03b6, 0x03b6,
  0x03d6, 0x03b6, 0x0bf7, 0x24d9, 0x2cfa, 0x1418, 0x0bb6, 0x3cfa, 0x7e9f, 0x661d, 0x457c, 0x459d, 0x351b, 0x0bf7, 0x03b7, 0x0397,
  0x0376, 0x0396, 0x0395, 0x0395, 0x0395, 0x2457, 0x55bc, 0x76bf, 0x663e, 0x2cb9, 0x0396, 0x0396, 0x0396, 0x0375, 0x0335, 0x0315,
  0x0335, 0x0335, 0x0335, 0x0314, 0x0314, 0x0314, 0x0314, 0x0314, 0x0314, 0x0314, 0x0314, 0x0314, 0x0334, 0x0335, 0x0355, 0x0396,
  0x0396, 0x0396, 0x0396, 0x0396, 0x0396, 0x0376, 0x0376, 0x0375, 0x0355, 0x0375, 0x0375, 0x0375, 0x0396, 0x03b6, 0x0396, 0x0396,
  0x0396, 0x0396, 0x0395, 0x0375, 0x0375, 0x0375, 0x0375, 0x0375, 0x0355, 0x0355, 0x0375, 0x0375, 0x0396, 0x03b6, 0x03f7, 0x0bf7,
  0x0396, 0x0375, 0x0355, 0x0354, 0x0375, 0x0375, 0x0396, 0x03f7, 0x0437, 0x0438, 0x0438, 0x0459, 0x0458, 0x0c58, 0x0c78, 0x0c58,
  0x1478, 0x1478, 0x1c78, 0x2cf9, 0x3d5b, 0x457c, 0x355c, 0x24da, 0x0c58, 0x0417, 0x03f7, 0x03d7, 0x03b6, 0x0396, 0x0376, 0x0376,
  0x0396, 0x0396, 0x0396, 0x0396, 0x0396, 0x0396, 0x0396, 0x0376, 0x0376, 0x0396, 0x0396, 0x03b6, 0x03f7, 0x03d7, 0x03b6, 0x03b6,
  0x03b6, 0x03b6, 0x0bb5, 0x1415, 0x2d1a, 0x24db, 0x0bf7, 0x1c57, 0x6e1d, 0x6e7f, 0x559c, 0x457c, 0x4dbd, 0x2cfb, 0x0c18, 0x03b7,
  0x0396, 0x0396, 0x0396, 0x0396, 0x0375, 0x0395, 0x0bd5, 0x455a, 0x769e, 0x663f, 0x2c9a, 0x0396, 0x0395, 0x0395, 0x0375, 0x0335,
  0x0355, 0x0355, 0x0335, 0x0335, 0x0334, 0x0314, 0x0314, 0x0314, 0x0314, 0x0314, 0x0314, 0x0314, 0x0314, 0x0314, 0x0334, 0x0355,
  0x0376, 0x0396, 0x03b6, 0x0396, 0x0396, 0x0375, 0x0375, 0x0375, 0x0375, 0x0375, 0x0375, 0x0395, 0x0396, 0x0396, 0x0396, 0x0396,
  0x0396, 0x0395, 0x0375, 0x0355, 0x0355, 0x0355, 0x0355, 0x0355, 0x0335, 0x0335, 0x0355, 0x0375, 0x0395, 0x03b6, 0x03f7, 0x0c38,
  0x0c58, 0x1479, 0x0c38, 0x03d6, 0x0395, 0x0375, 0x03b6, 0x0417, 0x0458, 0x0437, 0x0438, 0x0438, 0x0418, 0x0418, 0x0417, 0x0417,
  0x03f7, 0x03f7, 0x0417, 0x0bf7, 0x1417, 0x1438, 0x1c58, 0x1c99, 0x24db, 0x2cfb, 0x24da, 0x1c99, 0x1438, 0x0bf7, 0x0396, 0x0395,
  0x0396, 0x0396, 0x03b6, 0x0396, 0x0396, 0x0395, 0x0395, 0x0375, 0x0375, 0x0397, 0x0397, 0x0396, 0x03b6, 0x03d7, 0x03b7, 0x03b6,
  0x0397, 0x03b6, 0x03b5, 0x0c15, 0x24b9, 0x2d1b, 0x0c38, 0x03f6, 0x4d7b, 0x767e, 0x661d, 0x4d9c, 0x457c, 0x4dbd, 0x2cda, 0x03f7,
  0x03b7, 0x0397, 0x0376, 0x0396, 0x0396, 0x0375, 0x0395, 0x0bd5, 0x455a, 0x767f, 0x661e, 0x1c79, 0x03d6, 0x0395, 0x0395, 0x0355,
  0x0355, 0x0355, 0x0335, 0x0335, 0x0335, 0x0335, 0x0334, 0x0334, 0x0314, 0x0314, 0x0314, 0x0314, 0x0314, 0x0334, 0x0335, 0x0335,
  0x0355, 0x0376, 0x0396, 0x0396, 0x0375, 0x0375, 0x0375, 0x0375, 0x0375, 0x0375, 0x0375, 0x0375, 0x0396, 0x0396, 0x0396, 0x0395,
  0x0375, 0x0375, 0x0375, 0x0375, 0x0355, 0x0355, 0x0355, 0x0355, 0x0335, 0x0335, 0x0355, 0x0355, 0x0375, 0x03b6, 0x03f7, 0x0417,
  0x0437, 0x0458, 0x1499, 0x1cda, 0x1c79, 0x0c38, 0x0418, 0x0417, 0x0438, 0x0c58, 0x0c78, 0x0437, 0x0417, 0x0438, 0x03f7, 0x03d7,
  0x03f7, 0x03f7, 0x03b6, 0x03b6, 0x0396, 0x0376, 0x0375, 0x0396, 0x0396, 0x03b6, 0x0bf7, 0x1438, 0x2499, 0x24ba, 0x24da, 0x24da,
  0x1c99, 0x1c79, 0x1458, 0x1c59, 0x1438, 0x0c17, 0x0bf7, 0x0bb6, 0x0395, 0x0376, 0x0396, 0x0395, 0x03b6, 0x03f8, 0x03d7, 0x0395,
  0x0397, 0x03d6, 0x03d5, 0x0c16, 0x2d1a, 0x2cda, 0x03d7, 0x03d6, 0x2c98, 0x6e5d, 0x7e9e, 0x55dd, 0x455c, 0x4dbc, 0x459c, 0x1c9a,
  0x03d7, 0x03b7, 0x0396, 0x0376, 0x0396, 0x0395, 0x0396, 0x0396, 0x0bd6, 0x4d3a, 0x7ebf, 0x561e, 0x1458, 0x0396, 0x0396, 0x0396,
  0x0355, 0x0355, 0x0355, 0x0355, 0x0335, 0x0335, 0x0335, 0x0335, 0x0334, 0x0314, 0x0314, 0x0314, 0x0314, 0x0314, 0x0334, 0x0334,
  0x0335, 0x0355, 0x0375, 0x0375, 0x0375, 0x0375, 0x0375, 0x0375, 0x0375, 0x0375, 0x0375, 0x0375, 0x0375, 0x0375, 0x0375, 0x0375,
  0x0375, 0x0375, 0x0375, 0x0375, 0x0355, 0x0355, 0x0355, 0x0355, 0x0335, 0x0335, 0x0335, 0x0355, 0x0375, 0x03b6, 0x03f7, 0x0417,
  0x0417, 0x0438, 0x0438, 0x0438, 0x0c38, 0x0c38, 0x0c58, 0x0c79, 0x0c78, 0x1c99, 0x2cfa, 0x1cb9, 0x0458, 0x0437, 0x0417, 0x0417,
  0x0417, 0x03f7, 0x03b6, 0x0396, 0x0396, 0x0396, 0x0396, 0x0396, 0x0375, 0x0375, 0x0355, 0x0355, 0x0375, 0x0395, 0x03b6, 0x03d6,
  0x0c17, 0x1438, 0x1c79, 0x24ba, 0x24fb, 0x2d3c, 0x353c, 0x3d3c, 0x34fb, 0x249a, 0x1437, 0x0bf5, 0x03f6, 0x0418, 0x03f7, 0x03b6,
  0x03d6, 0x03f6, 0x03d6, 0x1c99, 0x353c, 0x1c59, 0x03b7, 0x0396, 0x13f6, 0x65fc, 0x7edf, 0x661e, 0x457c, 0x457b, 0x45bd, 0x24fb,
  0x0418, 0x03b7, 0x0396, 0x0376, 0x0396, 0x0395, 0x0396, 0x0396, 0x0396, 0x13f5, 0x55bb, 0x7ebf, 0x4dbd, 0x0c18, 0x03b6, 0x0395,
  0x0375, 0x0375, 0x0355, 0x0355, 0x0355, 0x0335, 0x0335, 0x0335, 0x0334, 0x0334, 0x0314, 0x0314, 0x0314, 0x0314, 0x0314, 0x0314,
  0x0334, 0x0334, 0x0335, 0x0335, 0x0355, 0x0355, 0x0355, 0x0375, 0x0375, 0x0375, 0x0375, 0x0375, 0x0375, 0x0375, 0x0375, 0x0375,
  0x0375, 0x0375, 0x0375, 0x0355, 0x0355, 0x0355, 0x0355, 0x0335, 0x0335, 0x0335, 0x0355, 0x0375, 0x0396, 0x03b6, 0x03f7, 0x0417,
  0x0418, 0x0417, 0x03f7, 0x03f7, 0x03d7, 0x03d6, 0x03d6, 0x0417, 0x1478, 0x24da, 0x2d3b, 0x24fa, 0x0c78, 0x0437, 0x0437, 0x03f7,
  0x03d7, 0x03b6, 0x0396, 0x03b6, 0x03b6, 0x03b6, 0x03b6, 0x03b6, 0x03b6, 0x03b6, 0x03b6, 0x03b6, 0x03b6, 0x03b6, 0x03b6, 0x03b6,
  0x03d6, 0x03b6, 0x03b6, 0x03d7, 0x0417, 0x0c38, 0x1479, 0x24da, 0x451b, 0x5dfd, 0x665d, 0x561c, 0x353a, 0x0c58, 0x03f8, 0x03f7,
  0x03f6, 0x03d6, 0x1c58, 0x355c, 0x24fb, 0x03f7, 0x03b7, 0x0397, 0x0bb5, 0x4d7a, 0x7ebf, 0x663f, 0x4d7c, 0x4d7b, 0x4d9c, 0x2d1c,
  0x0418, 0x03b7, 0x0396, 0x0376, 0x0396, 0x0395, 0x0396, 0x0376, 0x0376, 0x03d5, 0x2cb7, 0x6e3d, 0x769f, 0x353c, 0x03f8, 0x03b6,
  0x0375, 0x0375, 0x0355, 0x0355, 0x0355, 0x0335, 0x0335, 0x0335, 0x0335, 0x0335, 0x0334, 0x0314, 0x0314, 0x0314, 0x0314, 0x0314,
  0x0314, 0x0314, 0x0334, 0x0334, 0x0334, 0x0335, 0x0355, 0x0355, 0x0375, 0x0375, 0x0375, 0x0375, 0x0375, 0x0375, 0x0375, 0x0375,
  0x0375, 0x0375, 0x0355, 0x0355, 0x0355, 0x0335, 0x0335, 0x0355, 0x0334, 0x0335, 0x0355, 0x0375, 0x0396, 0x03d6, 0x03d6, 0x03f7,
  0x03f7, 0x03d7, 0x03b6, 0x03b6, 0x03b6, 0x03d6, 0x03d6, 0x03f6, 0x0438, 0x24fa, 0x355c, 0x2d3b, 0x1499, 0x0417, 0x03f7, 0x03b6,
  0x0375, 0x0375, 0x0396, 0x03b6, 0x03b6, 0x03b6, 0x03b6, 0x03b6, 0x0396, 0x03b6, 0x03b6, 0x03b6, 0x03b6, 0x03b7, 0x03d7, 0x03d7,
  0x03f7, 0x03f7, 0x03f7, 0x0418, 0x0438, 0x0458, 0x1499, 0x24fb, 0x351a, 0x455a, 0x6e3d, 0x86ff, 0x871f, 0x5e1d, 0x2cfa, 0x1c78,
  0x1c98, 0x351a, 0x455c, 0x2cba, 0x0c18, 0x03d7, 0x03d7, 0x03b7, 0x03b5, 0x3d19, 0x7ebf, 0x6e3f, 0x559d, 0x559c, 0x4dbd, 0x2d1c,
  0x0418, 0x03b7, 0x0396, 0x0376, 0x0396, 0x0396, 0x0375, 0x0376, 0x0396, 0x03b6, 0x0bf6, 0x4559, 0x7e7f, 0x6e3f, 0x24ba, 0x03f7,
  0x0375, 0x0375, 0x0355, 0x0355, 0x0335, 0x0335, 0x0335, 0x0335, 0x0335, 0x0335, 0x0334, 0x0334, 0x0314, 0x0314, 0x0314, 0x0314,
  0x0314, 0x0314, 0x0314, 0x0314, 0x0314, 0x0334, 0x0335, 0x0355, 0x0375, 0x0375, 0x0375, 0x0375, 0x0375, 0x0375, 0x0375, 0x0375,
  0x0375, 0x0375, 0x0375, 0x0355, 0x0355, 0x0355, 0x0355, 0x0335, 0x0335, 0x0355, 0x0375, 0x0375, 0x03b6, 0x03d6, 0x03f7, 0x0417,
  0x03d7, 0x03b6, 0x0376, 0x0396, 0x03b6, 0x03d6, 0x03f7, 0x03f7, 0x0438, 0x0c58, 0x0c38, 0x0c58, 0x0438, 0x03f7, 0x03b6, 0x0395,
  0x0375, 0x0375, 0x0375, 0x0396, 0x0396, 0x0396, 0x0396, 0x0396, 0x0395, 0x0395, 0x0395, 0x0396, 0x0396, 0x0396, 0x0396, 0x03b6,
  0x03d6, 0x03f7, 0x03f7, 0x0418, 0x0438, 0x0458, 0x0c79, 0x14b9, 0x24fb, 0x353b, 0x55bc, 0x7e7e, 0xa75f, 0xaf9f, 0x973f, 0x769e,
  0x5e5f, 0x55fe, 0x457c, 0x2cba, 0x1479, 0x0c38, 0x03d7, 0x03f7, 0x03b6, 0x34d8, 0x769e, 0x6e5f, 0x5dbd, 0x55bc, 0x4ddd, 0x24fb,
  0x0418, 0x03b7, 0x0396, 0x0376, 0x0396, 0x0396, 0x0375, 0x0396, 0x0396, 0x0397, 0x03b6, 0x2497, 0x65fc, 0x7e9f, 0x55de, 0x0c58,
  0x0355, 0x0355, 0x0355, 0x0335, 0x0335, 0x0335, 0x0335, 0x0335, 0x0335, 0x0335, 0x0334, 0x0334, 0x0314, 0x0314, 0x0314, 0x0314,
  0x0314, 0x0314, 0x0314, 0x0314, 0x0314, 0x0314, 0x0334, 0x0335, 0x0355, 0x0355, 0x0355, 0x0355, 0x0355, 0x0355, 0x0375, 0x0375,
  0x0375, 0x0375, 0x0355, 0x0355, 0x0355, 0x0355, 0x0355, 0x0335, 0x0335, 0x0355, 0x0375, 0x0395, 0x03d6, 0x03f7, 0x0417, 0x0417,
  0x03d6, 0x0396, 0x0396, 0x0396, 0x03b6, 0x03f7, 0x03f7, 0x03d7, 0x03d7, 0x0396, 0x0375, 0x03b6, 0x03d7, 0x03f7, 0x03b7, 0x03b6,
  0x0395, 0x0395, 0x0395, 0x0396, 0x0376, 0x0375, 0x0375, 0x0376, 0x0375, 0x0395, 0x0395, 0x0396, 0x0395, 0x0396, 0x0396, 0x03b6,
  0x03d6, 0x03d6, 0x03d7, 0x03f7, 0x0417, 0x0417, 0x0418, 0x0418, 0x0418, 0x0418, 0x1438, 0x44f9, 0x969d, 0xcfdf, 0xc7ff, 0x8f1f,
  0x55dd, 0x457c, 0x3d3b, 0x3d5c, 0x353c, 0x353c, 0x1499, 0x0417, 0x03d6, 0x34d8, 0x767e, 0x6e5f, 0x55bd, 0x55bc, 0x4dde, 0x24db,
  0x03f8, 0x03b7, 0x0396, 0x0376, 0x0396, 0x0396, 0x0375, 0x0396, 0x0395, 0x0396, 0x03b6, 0x0bf6, 0x455a, 0x763d, 0x6e9f, 0x355c,
  0x0355, 0x0355, 0x0335, 0x0335, 0x0335, 0x0335, 0x0335, 0x0335, 0x0335, 0x0335, 0x0334, 0x0334, 0x0314, 0x0314, 0x0314, 0x0314,
  0x0314, 0x0314, 0x0314, 0x0314, 0x0314, 0x0314, 0x0314, 0x0334, 0x0335, 0x0355, 0x0355, 0x0355, 0x0355, 0x0355, 0x0375, 0x0375,
  0x0375, 0x0375, 0x0355, 0x0355, 0x0355, 0x0355, 0x0335, 0x0335, 0x0355, 0x0375, 0x0395, 0x03b6, 0x03f7, 0x0417, 0x0417, 0x03f7,
  0x03d6, 0x0396, 0x03b6, 0x03b6, 0x03f7, 0x0417, 0x03f7, 0x03b6, 0x0376, 0x0355, 0x0375, 0x0375, 0x03b6, 0x03d6, 0x03b6, 0x03b6,
  0x03d6, 0x03b6, 0x0396, 0x0395, 0x0375, 0x0375, 0x0355, 0x0375, 0x0375, 0x0375, 0x0395, 0x0396, 0x0396, 0x0396, 0x0396, 0x03b6,
  0x03d6, 0x03d6, 0x03d7, 0x03f7, 0x03f7, 0x03f7, 0x0418, 0x0418, 0x0417, 0x0418, 0x03f8, 0x1437, 0x7e1b, 0xd7ff, 0xcfff, 0x8eff,
  0x55bd, 0x455b, 0x353a, 0x2cfa, 0x34fa, 0x3d3b, 0x353c, 0x0c78, 0x03f6, 0x3d39, 0x767e, 0x6e5f, 0x55bd, 0x55bc, 0x4dbd, 0x1cbb,
  0x03f8, 0x03b7, 0x0396, 0x0376, 0x0396, 0x0396, 0x0375, 0x0376, 0x0396, 0x0396, 0x03b6, 0x03b6, 0x1c57, 0x559b, 0x767f, 0x5e1f,
  0x0355, 0x0355, 0x0335, 0x0335, 0x0335, 0x0335, 0x0335, 0x0334, 0x0335, 0x0335, 0x0335, 0x0334, 0x0314, 0x0314, 0x0314, 0x0314,
  0x0314, 0x0314, 0x0314, 0x0314, 0x0314, 0x0314, 0x0314, 0x0314, 0x0334, 0x0335, 0x0355, 0x0355, 0x0355, 0x0355, 0x0375, 0x0375,
  0x0375, 0x0375, 0x0355, 0x0355, 0x0355, 0x0355, 0x0335, 0x0335, 0x0355, 0x0396, 0x03b6, 0x03f7, 0x0417, 0x0417, 0x0437, 0x03f7,
  0x03d7, 0x03b6, 0x03b6, 0x03b6, 0x0417, 0x03f7, 0x03b7, 0x0376, 0x0375, 0x0375, 0x0375, 0x0396, 0x0396, 0x0396, 0x0396, 0x03b6,
  0x03f7, 0x03d6, 0x03b6, 0x0395, 0x0375, 0x0375, 0x0375, 0x0375, 0x0376, 0x0376, 0x0396, 0x03b6, 0x03d7, 0x03d7, 0x03d7, 0x03d7,
  0x03f7, 0x03f7, 0x03f7, 0x0418, 0x0438, 0x0438, 0x0438, 0x0417, 0x03f7, 0x03f8, 0x0418, 0x1437, 0x7e3b, 0xd7ff, 0xcfff, 0x971f,
  0x55dd, 0x3d5c, 0x353b, 0x2cfa, 0x2cd9, 0x34fa, 0x353c, 0x1499, 0x0c17, 0x4d7b, 0x767f, 0x5e3e, 0x559d, 0x55bd, 0x45bd, 0x1cba,
  0x03f8, 0x03b7, 0x0396, 0x0375, 0x0376, 0x0376, 0x0375, 0x0376, 0x0396, 0x0396, 0x0396, 0x03b6, 0x03d6, 0x2497, 0x55dc, 0x6e7f,
  0x0355, 0x0335, 0x0335, 0x0335, 0x0335, 0x0335, 0x0334, 0x0334, 0x0335, 0x0335, 0x0334, 0x0334, 0x0314, 0x0314, 0x0314, 0x0314,
  0x0314, 0x0314, 0x0314, 0x0314, 0x0314, 0x0314, 0x0314, 0x0314, 0x0334, 0x0335, 0x0335, 0x0335, 0x0355, 0x0355, 0x0375, 0x0375,
  0x0375, 0x0355, 0x0355, 0x0355, 0x0355, 0x0355, 0x0355, 0x0375, 0x0396, 0x03d6, 0x0417, 0x0437, 0x0437, 0x0458, 0x0438, 0x03f7,
  0x03d7, 0x03b6, 0x03b6, 0x03f7, 0x0438, 0x0418, 0x03b7, 0x0376, 0x0376, 0x0396, 0x0396, 0x0396, 0x0396, 0x0396, 0x03b6, 0x03b6,
  0x03d6, 0x03d6, 0x03b6, 0x0375, 0x0375, 0x0375, 0x0375, 0x0375, 0x0375, 0x0396, 0x03b6, 0x03d7, 0x03f7, 0x03f7, 0x03d7, 0x03d6,
  0x03f6, 0x03f7, 0x0417, 0x0438, 0x0458, 0x0458, 0x0c79, 0x1479, 0x1458, 0x0c38, 0x0c38, 0x2498, 0x867c, 0xcfff, 0xcfff, 0x8f1f,
  0x55dd, 0x3d5c, 0x353b, 0x2cfa, 0x2cd9, 0x351a, 0x353c, 0x1479, 0x1477, 0x65dd, 0x767f, 0x55fd, 0x559d, 0x55bd, 0x45bd, 0x1cba,
  0x03f8, 0x0396, 0x0396, 0x0375, 0x0375, 0x0376, 0x0375, 0x0375, 0x0375, 0x0395, 0x0396, 0x0396, 0x03b6, 0x0bd5, 0x2477, 0x4dbc,
  0x0335, 0x0335, 0x0335, 0x0335, 0x0334, 0x0334, 0x0334, 0x0334, 0x0334, 0x0334, 0x0334, 0x0314, 0x0314, 0x0314, 0x0314, 0x0314,
  0x0314, 0x0314, 0x0314, 0x0314, 0x0314, 0x0314, 0x0314, 0x0314, 0x0334, 0x0335, 0x0335, 0x0334, 0x0355, 0x0355, 0x0355, 0x0355,
  0x0375, 0x0375, 0x0355, 0x0375, 0x0375, 0x0395, 0x0396, 0x03b6, 0x03f7, 0x0c58, 0x0458, 0x0478, 0x0479, 0x0479, 0x0418, 0x03d7,
  0x03b6, 0x03b6, 0x0c17, 0x1499, 0x14b9, 0x0438, 0x03b7, 0x03b6, 0x03b6, 0x03b6, 0x03b6, 0x03b6, 0x03b6, 0x03d7, 0x03d7, 0x03d7,
  0x03b6, 0x03b6, 0x0376, 0x0375, 0x0375, 0x0375, 0x0375, 0x0375, 0x03b6, 0x03d6, 0x03d6, 0x03d7, 0x03d6, 0x03b6, 0x03b6, 0x03b6,
  0x03b5, 0x03d6, 0x03d6, 0x03f7, 0x0437, 0x0c58, 0x1cba, 0x2d1b, 0x355b, 0x3d7b, 0x4d9c, 0x6e3d, 0xa73f, 0xcfff, 0xc7ff, 0x86de,
  0x4d9c, 0x3d3b, 0x351b, 0x2cfa, 0x2cda, 0x351b, 0x2cfb, 0x0c17, 0x3519, 0x765e, 0x6e5e, 0x55fd, 0x55bc, 0x55dd, 0x459c, 0x1479,
  0x03f7, 0x03b6, 0x0396, 0x0395, 0x0395, 0x0375, 0x0375, 0x0375, 0x0395, 0x0395, 0x0396, 0x0396, 0x0396, 0x03b6, 0x0bb5, 0x2477,
  0x0335, 0x0335, 0x0335, 0x0335, 0x0334, 0x0334, 0x0314, 0x0314, 0x0314, 0x0314, 0x0314, 0x0314, 0x0314, 0x0314, 0x0314, 0x0314,
  0x0314, 0x0314, 0x0314, 0x0314, 0x0314, 0x0314, 0x0314, 0x0314, 0x0334, 0x0335, 0x0335, 0x0335, 0x0355, 0x0355, 0x0355, 0x0355,
  0x0355, 0x0355, 0x0375, 0x0375, 0x0396, 0x03d6, 0x03f6, 0x1458, 0x24da, 0x24fa, 0x24fb, 0x24fb, 0x1cba, 0x0c79, 0x0438, 0x0417,
  0x0417, 0x1458, 0x24da, 0x2d5c, 0x1cfb, 0x0438, 0x03f7, 0x0bd7, 0x03d7, 0x03b7, 0x03b7, 0x03d7, 0x03d7, 0x03d7, 0x03b6, 0x03b6,
  0x0396, 0x0375, 0x0375, 0x0375, 0x0375, 0x0375, 0x0395, 0x0396, 0x03d6, 0x03f6, 0x03d6, 0x03b6, 0x03b6, 0x0396, 0x0396, 0x0396,
  0x0396, 0x0396, 0x03b6, 0x03f7, 0x0417, 0x0437, 0x0478, 0x1499, 0x24b8, 0x3d19, 0x65fc, 0x96df, 0xa73f, 0xb77f, 0xa75f, 0x86df,
  0x55fd, 0x457c, 0x351b, 0x351b, 0x3d5c, 0x353b, 0x0c38, 0x0c37, 0x4dbb, 0x7e7f, 0x661d, 0x4ddc, 0x4dbc, 0x4dbd, 0x355c, 0x0c59,
  0x03d7, 0x03b6, 0x0396, 0x0396, 0x0376, 0x0375, 0x0375, 0x0375, 0x0376, 0x0396, 0x0396, 0x0396, 0x03b6, 0x03b6, 0x03d6, 0x0bf7,
  0x0335, 0x0335, 0x0335, 0x0334, 0x0314, 0x0314, 0x0314, 0x0314, 0x0314, 0x0314, 0x0314, 0x0314, 0x0314, 0x0314, 0x0314, 0x0314,
  0x0314, 0x0314, 0x0314, 0x0314, 0x0314, 0x0314, 0x0314, 0x0314, 0x0335, 0x0335, 0x0355, 0x0355, 0x0335, 0x0355, 0x0355, 0x0355,
  0x0355, 0x0355, 0x0355, 0x0376, 0x03d6, 0x0417, 0x1c99, 0x353b, 0x3d5b, 0x3d5c, 0x3d7c, 0x353c, 0x24db, 0x1499, 0x0c79, 0x0479,
  0x1c99, 0x2d1b, 0x355b, 0x251b, 0x1499, 0x03f7, 0x03b6, 0x0396, 0x0396, 0x0396, 0x0396, 0x0396, 0x0396, 0x0396, 0x0375, 0x0375,
  0x0375, 0x0375, 0x0375, 0x0375, 0x0396, 0x0396, 0x03b6, 0x03d6, 0x03d6, 0x03d6, 0x03b6, 0x0396, 0x0396, 0x0396, 0x0396, 0x0396,
  0x03b6, 0x03b7, 0x03d7, 0x03f7, 0x0437, 0x0437, 0x0c37, 0x1c78, 0x3d1a, 0x65fd, 0x86bf, 0x8eff, 0x86df, 0x6e5e, 0x455b, 0x4dbc,
  0x5e3e, 0x55dd, 0x3d5c, 0x351b, 0x24da, 0x0c38, 0x03f6, 0x1457, 0x661d, 0x7e7f, 0x5dfd, 0x45bc, 0x4d9c, 0x4d9d, 0x2d1c, 0x0c38,
  0x03d7, 0x03b6, 0x0396, 0x0396, 0x0376, 0x0376, 0x0375, 0x0375, 0x0376, 0x0396, 0x0396, 0x03b6, 0x03b6, 0x03d7, 0x03f7, 0x03f7,
  0x0335, 0x0335, 0x0334, 0x0314, 0x0314, 0x0314, 0x0314, 0x0314, 0x0314, 0x0314, 0x0314, 0x0314, 0x0314, 0x0314, 0x0314, 0x0314,
  0x0314, 0x0314, 0x0314, 0x0314, 0x0314, 0x0314, 0x0334, 0x0335, 0x0335, 0x0355, 0x0355, 0x0355, 0x0335, 0x0355, 0x0355, 0x0355,
  0x0334, 0x0335, 0x0355, 0x0396, 0x03f7, 0x1c99, 0x353b, 0x3d3b, 0x351a, 0x353a, 0x24fa, 0x14b9, 0x0c78, 0x0c78, 0x0458, 0x1499, 
  0x24fb, 0x24fa, 0x1499, 0x0c58, 0x0417, 0x0396, 0x0376, 0x0355, 0x0375, 0x0375, 0x0375, 0x0395, 0x0396, 0x0375, 0x0375, 0x0375,
  0x0395, 0x0395, 0x0396, 0x03b6, 0x03b6, 0x03b6, 0x03b6, 0x03b6, 0x03b6, 0x0396, 0x0396, 0x0396, 0x0396, 0x0396, 0x03b6, 0x03b6,
  0x03d6, 0x0c17, 0x1438, 0x24b9, 0x2cfa, 0x457c, 0x55dd, 0x663f, 0x6e9f, 0x667f, 0x5e3e, 0x4ddc, 0x355b, 0x1499, 0x0438, 0x0c37,
  0x2499, 0x3d5c, 0x351b, 0x1417, 0x03d7, 0x03b6, 0x03b6, 0x1437, 0x6e3d, 0x7e9f, 0x55dd, 0x459c, 0x4d9c, 0x457d, 0x1cdb, 0x0418,
  0x03d7, 0x03b7, 0x0396, 0x0396, 0x0396, 0x0376, 0x0376, 0x0375, 0x0376, 0x0396, 0x0396, 0x03b6, 0x03d7, 0x03f7, 0x0417, 0x0438,
  0x0334, 0x0334, 0x0314, 0x0314, 0x0314, 0x0314, 0x0314, 0x0314, 0x0314, 0x0314, 0x0314, 0x0314, 0x0314, 0x0314, 0x0314, 0x0314,
  0x0314, 0x0314, 0x0314, 0x0314, 0x0334, 0x0334, 0x0335, 0x0335, 0x0355, 0x0355, 0x0355, 0x0335, 0x0335, 0x0335, 0x0335, 0x0334,
  0x0334, 0x0355, 0x0375, 0x03b6, 0x0c38, 0x2d1b, 0x3d5b, 0x3d3a, 0x2cfa, 0x1cb9, 0x0c78, 0x0477, 0x0458, 0x0458, 0x1499, 0x24fa,
  0x1cda, 0x0c78, 0x0437, 0x0438, 0x0418, 0x03d7, 0x0396, 0x0375, 0x0396, 0x0396, 0x03b6, 0x03b6, 0x0396, 0x0396, 0x0396, 0x0396,
  0x03b6, 0x03b6, 0x03b6, 0x03b6, 0x0396, 0x0396, 0x0396, 0x0396, 0x0375, 0x0396, 0x0396, 0x03b6, 0x03b6, 0x03d6, 0x0bf6, 0x1437,
  0x2c99, 0x453c, 0x4d9d, 0x4dde, 0x4dde, 0x45bc, 0x3d5b, 0x2cd9, 0x1c98, 0x0c37, 0x0416, 0x0c16, 0x0437, 0x0459, 0x0418, 0x03f7,
  0x03f7, 0x1437, 0x24da, 0x2cfa, 0x0c38, 0x03b6, 0x03b6, 0x13f6, 0x65fc, 0x7e9f, 0x55bd, 0x457b, 0x4d7c, 0x457d, 0x149a, 0x0418,
  0x03d7, 0x03d7, 0x03b6, 0x0397, 0x0397, 0x0397, 0x0396, 0x0396, 0x03b6, 0x03d7, 0x03d7, 0x03f7, 0x03f7, 0x0417, 0x1438, 0x24b9,
  0x0334, 0x0314, 0x0314, 0x0314, 0x0314, 0x0314, 0x0314, 0x0314, 0x0314, 0x0314, 0x0314, 0x0314, 0x0314, 0x0314, 0x0314, 0x0314,
  0x0334, 0x0334, 0x0335, 0x0335, 0x0335, 0x0335, 0x0335, 0x0335, 0x0355, 0x0355, 0x0355, 0x0355, 0x0335, 0x0335, 0x0335, 0x0355,
  0x0355, 0x0375, 0x0396, 0x03d7, 0x0c58, 0x251a, 0x3d7b, 0x3d3b, 0x24da, 0x0c58, 0x0437, 0x0438, 0x0438, 0x1499, 0x24da, 0x24da,
  0x0c79, 0x0437, 0x0437, 0x0438, 0x0438, 0x03d7, 0x03b6, 0x0396, 0x03b6, 0x03b6, 0x03b6, 0x03b6, 0x03b6, 0x03b6, 0x03b6, 0x0396,
  0x0396, 0x0396, 0x0375, 0x0375, 0x0375, 0x0375, 0x0375, 0x0376, 0x0395, 0x0396, 0x03b6, 0x03f6, 0x0c37, 0x24b9, 0x3d5b, 0x4ddd,
  0x4dbd, 0x3d5c, 0x2cda, 0x1c79, 0x0c38, 0x03f7, 0x03d7, 0x03b6, 0x0395, 0x03b7, 0x0396, 0x0396, 0x03b6, 0x03f7, 0x03f7, 0x03d6,
  0x03d7, 0x03d6, 0x03d6, 0x1c78, 0x251b, 0x1459, 0x03b7, 0x0bb5, 0x5dba, 0x76bf, 0x55de, 0x457b, 0x559c, 0x3d7c, 0x0c99, 0x0417,
  0x03f7, 0x03f7, 0x0c18, 0x0c59, 0x0c39, 0x03f8, 0x03d8, 0x03d7, 0x03f7, 0x0418, 0x0438, 0x0458, 0x1479, 0x24da, 0x457c, 0x4ddd,
  0x0314, 0x0314, 0x0314, 0x0314, 0x0314, 0x0314, 0x0314, 0x0314, 0x0314, 0x0314, 0x0314, 0x0314, 0x0314, 0x0314, 0x0334, 0x0334,
  0x0335, 0x0335, 0x0355, 0x0355, 0x0355, 0x0355, 0x0355, 0x0355, 0x0375, 0x0355, 0x0355, 0x0355, 0x0335, 0x0355, 0x0355, 0x0375,
  0x0375, 0x0395, 0x03d6, 0x0417, 0x0438, 0x1cba, 0x3d5c, 0x351b, 0x1499, 0x0437, 0x0437, 0x0c58, 0x1c79, 0x2cdb, 0x24da, 0x0c78,
  0x0417, 0x0417, 0x0437, 0x0438, 0x03f7, 0x03b6, 0x0376, 0x0375, 0x0395, 0x0395, 0x0375, 0x0395, 0x0375, 0x0375, 0x0355, 0x0355,
  0x0355, 0x0375, 0x0375, 0x0375, 0x0375, 0x0396, 0x0396, 0x0396, 0x0bd6, 0x1417, 0x2499, 0x353b, 0x45de, 0x45de, 0x3d5c, 0x24b9,
  0x0c58, 0x03f7, 0x03d7, 0x03d7, 0x03b6, 0x0396, 0x0376, 0x0376, 0x0355, 0x0376, 0x0376, 0x0376, 0x0375, 0x0396, 0x03d6, 0x03d6,
  0x03b6, 0x0396, 0x0396, 0x03b6, 0x0c17, 0x1cba, 0x1c99, 0x0bf6, 0x4d5a, 0x6e7f, 0x55bd, 0x455b, 0x4d9c, 0x3d7c, 0x1479, 0x0438,
  0x1c78, 0x351a, 0x55fe, 0x561f, 0x3d7d, 0x24db, 0x147a, 0x0c59, 0x1459, 0x1c99, 0x24ba, 0x353b, 0x45bd, 0x4dfe, 0x3d7d, 0x24da,
  0x0314, 0x0314, 0x0314, 0x0314, 0x0314, 0x0314, 0x0314, 0x0314, 0x0314, 0x0314, 0x0314, 0x0314, 0x0314, 0x0334, 0x0335, 0x0335,
  0x0355, 0x0355, 0x0355, 0x0355, 0x0355, 0x0355, 0x0355, 0x0355, 0x0375, 0x0355, 0x0355, 0x0355, 0x0355, 0x0375, 0x0375, 0x0396,
  0x03b6, 0x03d6, 0x0417, 0x0418, 0x0438, 0x1499, 0x24fa, 0x1cda, 0x0c78, 0x0437, 0x0458, 0x1499, 0x2cda, 0x24ba, 0x0c58, 0x0437,
  0x03f7, 0x0417, 0x0437, 0x0417, 0x03d7, 0x0376, 0x0375, 0x0376, 0x0375, 0x0375, 0x0375, 0x0375, 0x0375, 0x0375, 0x0375, 0x0355,
  0x0395, 0x0375, 0x0395, 0x03b6, 0x0bd6, 0x0c17, 0x1c58, 0x2cfa, 0x3d7c, 0x3dbd, 0x3d7c, 0x353b, 0x1cb9, 0x1458, 0x03f7, 0x03d6,
  0x03d6, 0x03b6, 0x03b6, 0x0396, 0x0396, 0x0396, 0x0375, 0x0375, 0x0355, 0x0355, 0x0355, 0x0355, 0x0355, 0x0355, 0x0375, 0x0396,
  0x0396, 0x0396, 0x0396, 0x0396, 0x03b6, 0x03d6, 0x1499, 0x24fa, 0x4d9c, 0x5dfd, 0x4d9c, 0x455b, 0x4dbd, 0x459c, 0x1c99, 0x1cb9,
  0x3d5b, 0x5e1d, 0x767f, 0x6e5e, 0x5dfd, 0x4dbd, 0x353c, 0x2cdb, 0x2cda, 0x3d5c, 0x4ddd, 0x55fe, 0x459d, 0x2cfa, 0x1479, 0x0418,
  0x0314, 0x0314, 0x0314, 0x0314, 0x0314, 0x0314, 0x0314, 0x0314, 0x0314, 0x0314, 0x0334, 0x0334, 0x0335, 0x0355, 0x0355, 0x0355,
  0x0355, 0x0355, 0x0355, 0x0355, 0x0355, 0x0355, 0x0355, 0x0375, 0x0375, 0x0375, 0x0355, 0x0375, 0x0375, 0x0395, 0x0396, 0x03b6,
  0x03d7, 0x0417, 0x0418, 0x0438, 0x0459, 0x0458, 0x0478, 0x0c99, 0x0478, 0x0c58, 0x1cb9, 0x24fa, 0x14b9, 0x0438, 0x0417, 0x0417,
  0x03f7, 0x0417, 0x0417, 0x03d7, 0x0396, 0x0376, 0x0396, 0x0396, 0x0396, 0x0396, 0x0396, 0x0396, 0x0395, 0x0395, 0x0395, 0x03b5,
  0x0bf6, 0x1c58, 0x24b9, 0x2cfa, 0x353c, 0x3d7c, 0x355c, 0x2d1b, 0x1cd9, 0x0c58, 0x0417, 0x03f6, 0x03d6, 0x03b6, 0x03b6, 0x03b6,
  0x0375, 0x0375, 0x0376, 0x0375, 0x0375, 0x0375, 0x0355, 0x0355, 0x0354, 0x0354, 0x0355, 0x0355, 0x0355, 0x0356, 0x0356, 0x0376,
  0x0396, 0x0396, 0x0376, 0x0376, 0x0396, 0x03b6, 0x0396, 0x1c58, 0x55dd, 0x5e1e, 0x457b, 0x455b, 0x55bd, 0x4dbd, 0x24da, 0x24ba,
  0x455a, 0x661d, 0x767e, 0x765e, 0x6e5e, 0x665e, 0x5dfd, 0x55dd, 0x5e1f, 0x5e3f, 0x4dde, 0x2cfb, 0x1c99, 0x0c58, 0x0438, 0x0438
};

const uint16_t epd_bitmap_genmake_logo_display[] = {
  // 'genmake_logo_display', 120x19px
  0xf7be, 0xce79, 0xce79, 0xce79, 0xce79, 0xce79, 0xce79, 0xce79, 0xce79, 0xce79, 0xce79, 0xce79, 0xce79, 0xce79, 0xce79, 0xce79,
  0xce79, 0xce79, 0xce79, 0xce79, 0xce79, 0xce79, 0xce79, 0xce79, 0xce79, 0xce79, 0xce79, 0xce79, 0xce79, 0xce79, 0xce79, 0xce79,
  0xce79, 0xce79, 0xce79, 0xce79, 0xce79, 0xce79, 0xce79, 0xce79, 0xce79, 0xce79, 0xce79, 0xce79, 0xce79, 0xce79, 0xce79, 0xce79,
  0xce79, 0xce79, 0xce79, 0xce79, 0xce79, 0xce79, 0xce79, 0xce79, 0xce79, 0xce79, 0xce79, 0xce79, 0xce79, 0xce79, 0xce79, 0xce79,
  0xce79, 0xce79, 0xce79, 0xce79, 0xce79, 0xce79, 0xce79, 0xce79, 0xce79, 0xce79, 0xce79, 0xce79, 0xce79, 0xce79, 0xc638, 0xc638,
  0xc638, 0xc638, 0xc638, 0xc638, 0xc638, 0xc638, 0xc638, 0xc638, 0xc638, 0xc638, 0xc638, 0xc638, 0xc638, 0xc638, 0xc638, 0xc638,
  0xc638, 0xc638, 0xc638, 0xc638, 0xc638, 0xc638, 0xc638, 0xc638, 0xc638, 0xc638, 0xc638, 0xc638, 0xc638, 0xc638, 0xc638, 0xc638,
  0xc638, 0xc638, 0xc638, 0xc638, 0xc638, 0xc638, 0xc638, 0xffff, 0xd6ba, 0x6b6d, 0xad75, 0xad75, 0xad75, 0xad75, 0xad75, 0xad75,
  0xad75, 0xad75, 0xad75, 0xad75, 0xad75, 0xad75, 0xad75, 0xad75, 0xad75, 0xad75, 0xad75, 0xad75, 0xad75, 0xad75, 0xad75, 0xad75,
  0xad75, 0xad75, 0xad75, 0xad75, 0xad75, 0xad75, 0xad75, 0xad75, 0xad75, 0xad75, 0xad75, 0xad75, 0xad75, 0xad75, 0xad75, 0xad75,
  0xad75, 0xad75, 0xad75, 0xad75, 0xad75, 0xad75, 0xad75, 0xad75, 0xad75, 0xad75, 0xad75, 0xad75, 0xad75, 0xad75, 0xad75, 0xad75,
  0xad75, 0xad75, 0xad75, 0xad75, 0xad75, 0xad75, 0xad75, 0xad75, 0xad75, 0xad75, 0xad75, 0xad75, 0xad75, 0xad75, 0xad75, 0xad75,
  0xad75, 0xad75, 0xad75, 0xad75, 0xad75, 0x9cf3, 0x0000, 0x0000, 0x0000, 0x0000, 0x0000, 0x0000, 0x0000, 0x0000, 0x0000, 0x0000,
  0x0000, 0x0000, 0x0000, 0x0000, 0x0000, 0x0000, 0x0000, 0x0000, 0x0000, 0x0000, 0x0000, 0x0000, 0x0000, 0x0000, 0x0000, 0x0000,
  0x0000, 0x0000, 0x0000, 0x0000, 0x0000, 0x0000, 0x0000, 0x0000, 0x0000, 0x0000, 0x0000, 0x0000, 0x0000, 0x0000, 0x0000, 0xffdf,
  0xd6ba, 0xa514, 0xffff, 0xffff, 0xffff, 0xffff, 0xffff, 0xffff, 0xffff, 0xffff, 0xffff, 0xffff, 0xffff, 0xffff, 0xffff, 0xffff,
  0xffff, 0xffff, 0xffff, 0xffff, 0xffff, 0xffff, 0xffff, 0xffff, 0xffff, 0xffff, 0xffff, 0xffff, 0xffff, 0xffff, 0xffff, 0xffff,
  0xffff, 0xffff, 0xffff, 0xffff, 0xffff, 0xffff, 0xffff, 0xffff, 0xffff, 0xffff, 0xffff, 0xffff, 0xffff, 0xffff, 0xffff, 0xffff,
  0xffff, 0xffff, 0xffff, 0xffff, 0xffff, 0xffff, 0xffff, 0xffff, 0xffff, 0xffff, 0xf79e, 0xffff, 0xffff, 0xffff, 0xffff, 0xffff,
  0xffff, 0xffff, 0xffff, 0xffff, 0xffff, 0xffff, 0xffff, 0xffff, 0xffff, 0xffff, 0xffff, 0xffff, 0xffff, 0xef5d, 0x0000, 0x0000,
  0x0000, 0x0000, 0x0000, 0x0000, 0x0000, 0x0000, 0x0000, 0x0000, 0x0000, 0x0000, 0x0000, 0x0000, 0x0000, 0x0000, 0x0000, 0x0000,
  0x0000, 0x0000, 0x0000, 0x0000, 0x0000, 0x0000, 0x0000, 0x0000, 0x0000, 0x0000, 0x0000, 0x0000, 0x0000, 0x0000, 0x0000, 0x0000,
  0x0000, 0x0000, 0x0000, 0x0000, 0x0000, 0x0000, 0x0000, 0xffdf, 0xd6ba, 0xa514, 0xffff, 0xffff, 0xffff, 0xffff, 0xffff, 0xffff,
  0xffff, 0xffff, 0xffff, 0xffff, 0xffff, 0xffff, 0xffff, 0xffff, 0xffff, 0xffff, 0xffff, 0xffff, 0xffff, 0xffff, 0xffff, 0xffff,
  0xffff, 0xffff, 0xffff, 0xffff, 0xffff, 0xffff, 0xffff, 0xffff, 0xffff, 0xffff, 0xffff, 0xffff, 0xffff, 0xffff, 0xffff, 0xffff,
  0xffff, 0xffff, 0xffff, 0xffff, 0xffff, 0xffff, 0xffff, 0xffff, 0xffff, 0xffff, 0xffff, 0xffff, 0xffff, 0xffff, 0xffff, 0xffff,
  0xffff, 0x7bef, 0x18c3, 0x528a, 0xffff, 0xffff, 0xffff, 0xffff, 0xffff, 0xffff, 0xffff, 0xffff, 0xffff, 0xffff, 0xffff, 0xffff,
  0xffff, 0xffff, 0xffff, 0xffff, 0xffff, 0xef5d, 0x0000, 0x0000, 0x0000, 0x0000, 0x0000, 0x0000, 0x0000, 0x0000, 0x0000, 0x0000,
  0x0000, 0x0000, 0x0000, 0x0000, 0x0000, 0x0000, 0x0000, 0x0000, 0x0000, 0x0000, 0x0000, 0x0000, 0x2104, 0xdedb, 0xdedb, 0x5acb,
  0x0000, 0x0000, 0x0000, 0x0000, 0x0000, 0x0000, 0x0000, 0x0000, 0x0000, 0x0000, 0x0000, 0x0000, 0x0000, 0x0000, 0x0000, 0xffdf,
  0xd6ba, 0xa514, 0xffff, 0xffff, 0xffff, 0xffff, 0xffff, 0xffff, 0xffff, 0xffff, 0xffff, 0xffff, 0xffff, 0xffff, 0xffff, 0xffff,
  0xffff, 0xffff, 0xffff, 0xffff, 0xffff, 0xffff, 0xffff, 0xffff, 0xffff, 0xffff, 0xffff, 0xffff, 0xffff, 0xffff, 0xffff, 0xffff,
  0xffff, 0xffff, 0xffff, 0xffff, 0xffff, 0xffff, 0xffff, 0xffff, 0xffff, 0xffff, 0xffff, 0xffff, 0xffff, 0xffff, 0xffff, 0xffff,
  0xffff, 0xffff, 0xffff, 0xffff, 0xa514, 0x7bef, 0xf7be, 0xffff, 0xffff, 0x738e, 0x18c3, 0x4a49, 0xffff, 0xffff, 0xffff, 0xffff,
  0xffff, 0xffff, 0xffff, 0xffff, 0xffff, 0xffff, 0xffff, 0xffff, 0xffff, 0xffff, 0xffff, 0xffff, 0xffff, 0xef5d, 0x0000, 0x0000,
  0x0000, 0x0000, 0x0000, 0x0000, 0x0000, 0x0000, 0x0000, 0x0000, 0x0000, 0x0000, 0x0000, 0x0000, 0x0000, 0x0000, 0x0000, 0x0000,
  0x0000, 0x0000, 0x0000, 0x0000, 0x2124, 0xffff, 0xffff, 0x6b4d, 0x0000, 0x0000, 0x0000, 0x0000, 0x0000, 0x0000, 0x0000, 0x0000,
  0x0000, 0x0000, 0x0000, 0x0000, 0x0000, 0x0000, 0x0000, 0xffdf, 0xd6ba, 0xa514, 0xffff, 0xffff, 0xffdf, 0xdefb, 0xdefb, 0xf79e,
  0xf79e, 0xf79e, 0xffff, 0xffff, 0xffff, 0xef7d, 0xdedb, 0xf7be, 0xffff, 0xffff, 0xffff, 0xf7be, 0xf79e, 0xffdf, 0xffff, 0xe71c,
  0xe73c, 0xffff, 0xffff, 0xffff, 0xffff, 0xffff, 0xf7be, 0xdedb, 0xef7d, 0xffff, 0xffff, 0xffff, 0xffdf, 0xf79e, 0xffdf, 0xffff,
  0xef5d, 0xe71c, 0xffff, 0xffff, 0xffff, 0xe71c, 0xdedb, 0xf7be, 0xffff, 0xffff, 0xffff, 0xef7d, 0x2104, 0x18c3, 0xe71c, 0xf79e,
  0xffff, 0xf79e, 0xce59, 0xef5d, 0xffff, 0xffff, 0xffff, 0xffff, 0xe71c, 0xdefb, 0xffff, 0xffff, 0xffff, 0xffff, 0xf79e, 0xf79e,
  0xffff, 0xffdf, 0xdefb, 0xef7d, 0xffff, 0xef5d, 0x0000, 0x0861, 0x0861, 0x0000, 0x0020, 0x2124, 0x0861, 0x0000, 0x0000, 0x10a2,
  0x2124, 0x0000, 0x0000, 0x0000, 0x0000, 0x0000, 0x0841, 0x2124, 0x2124, 0x0000, 0x0000, 0x0000, 0x2124, 0xffff, 0xffff, 0x6b4d,
  0x0000, 0x0000, 0x0861, 0x0861, 0x0841, 0x0000, 0x0000, 0x0000, 0x18e3, 0x2104, 0x0000, 0x0000, 0x0000, 0x0000, 0x0000, 0xffdf,
  0xd6ba, 0xa514, 0xffff, 0xa514, 0x2124, 0x18c3, 0x18c3, 0x18c3, 0x18c3, 0x2965, 0xffff, 0xe71c, 0x52aa, 0x18c3, 0x18c3, 0x18e3,
  0x73ae, 0xffdf, 0xffff, 0x5aeb, 0x18c3, 0x8430, 0x4208, 0x18c3, 0x18c3, 0x630c, 0xffdf, 0xffff, 0xf7be, 0x738e, 0x18e3, 0x18c3,
  0x18c3, 0x5acb, 0xef5d, 0xffff, 0x9492, 0x18c3, 0x738e, 0x8c71, 0x18c3, 0x5acb, 0xffff, 0x8c51, 0x2124, 0x18c3, 0x18c3, 0x18e3,
  0x8c51, 0xffff, 0xe71c, 0x4a49, 0x18c3, 0x18c3, 0x18c3, 0x3186, 0xffff, 0x5aeb, 0x18c3, 0x39c7, 0xffff, 0xffff, 0xb5b6, 0x31a6,
  0x18c3, 0x18c3, 0x3186, 0xbdd7, 0xffff, 0xffff, 0x4208, 0x18c3, 0x9492, 0x3186, 0x18c3, 0x18c3, 0x7bcf, 0xef5d, 0x0000, 0xdefb,
  0xffff, 0x73ae, 0xef5d, 0xffff, 0xffdf, 0x9492, 0x9492, 0xffff, 0xffff, 0xe71c, 0x2945, 0x0000, 0x0841, 0xbdf7, 0xffdf, 0xffff,
  0xffff, 0xe73c, 0x4228, 0x0000, 0x2124, 0xffff, 0xffff, 0x6b4d, 0x0000, 0xad55, 0xffff, 0xf7be, 0x3186, 0x0000, 0x52aa, 0xe71c,
  0xffff, 0xffff, 0xe71c, 0x528a, 0x0000, 0x0000, 0x0000, 0xffdf, 0xd6ba, 0xa514, 0xe73c, 0x18e3, 0x18c3, 0x8410, 0x632c, 0x18c3,
  0x18e3, 0xb596, 0xffff, 0x4a69, 0x18c3, 0x2945, 0x738e, 0x2124, 0x18c3, 0x9cd3, 0xffff, 0x5aeb, 0x18c3, 0x18c3, 0x2104, 0x2124,
  0x18c3, 0x18c3, 0xb596, 0xffff, 0x8410, 0x18c3, 0x18e3, 0x6b4d, 0x31a6, 0x18c3, 0x632c, 0xffff, 0x9492, 0x18c3, 0x18e3, 0x18c3,
  0x18c3, 0x6b6d, 0xffff, 0xa514, 0x2945, 0x5aeb, 0x39e7, 0x18c3, 0x18c3, 0xd69a, 0xad75, 0x2124, 0x18c3, 0x18c3, 0x3186, 0x4a49,
  0xffff, 0x5aeb, 0x18c3, 0x39c7, 0xffff, 0xdedb, 0x18e3, 0x18c3, 0x3186, 0x31a6, 0x18c3, 0x18e3, 0xd6ba, 0xffff, 0x4208, 0x18c3,
  0x18c3, 0x2124, 0x2104, 0x18c3, 0x18c3, 0xbdf7, 0x0000, 0xdefb, 0xffff, 0xffff, 0xef7d, 0xffdf, 0xffff, 0xffff, 0xffff, 0xef5d,
  0xffff, 0xffff, 0x9cd3, 0x0000, 0x0000, 0xb596, 0xdefb, 0xad75, 0xef7d, 0xffff, 0xe71c, 0x0000, 0x2124, 0xffff, 0xffff, 0x632c,
  0x73ae, 0xffff, 0xffff, 0x5acb, 0x0000, 0x2945, 0xffdf, 0xffff, 0xc638, 0xb5b6, 0xffff, 0xf7be, 0x18c3, 0x0000, 0x0000, 0xffdf,
  0xd6ba, 0xa514, 0xc638, 0x18c3, 0x18c3, 0xd6ba, 0xad75, 0x18c3, 0x18c3, 0xf79e, 0xe73c, 0x18c3, 0x18c3, 0x73ae, 0xc638, 0x6b4d,
  0x18c3, 0x528a, 0xffff, 0x5aeb, 0x18c3, 0x18c3, 0xdefb, 0xd6ba, 0x18c3, 0x18c3, 0x8c51, 0xffff, 0x31a6, 0x18c3, 0x4a69, 0xc638,
  0x8c71, 0x18c3, 0x2104, 0xffdf, 0x9492, 0x18c3, 0x18c3, 0x630c, 0xbdf7, 0xd6ba, 0xffff, 0xffdf, 0xdefb, 0xc618, 0x94b2, 0x18c3,
  0x18c3, 0xa534, 0xffff, 0x8c71, 0x18c3, 0x18c3, 0xef7d, 0xffff, 0xffff, 0x5aeb, 0x18c3, 0x39c7, 0xffff, 0x8c51, 0x18c3, 0x18c3,
  0xe73c, 0xef5d, 0x18e3, 0x18c3, 0x8410, 0xffff, 0x4208, 0x18c3, 0x2124, 0xef7d, 0xb5b6, 0x18c3, 0x18c3, 0x94b2, 0x0000, 0xdefb,
  0xffff, 0xef5d, 0x0841, 0x7bcf, 0xffff, 0xffff, 0x7bcf, 0x0020, 0xef5d, 0xffff, 0xc618, 0x0000, 0x0000, 0x1082, 0x2965, 0x4a49,
  0xad55, 0xffff, 0xffff, 0x10a2, 0x2124, 0xffff, 0xffff, 0x8c51, 0xffdf, 0xffff, 0x8c71, 0x0000, 0x0000, 0x7bef, 0xffff, 0xffff,
  0x4a69, 0x39e7, 0xef7d, 0xffff, 0x630c, 0x0000, 0x0000, 0xffdf, 0xd6ba, 0xa514, 0xef7d, 0x2124, 0x18c3, 0x5aeb, 0x4a69, 0x18c3,
  0x39e7, 0xffff, 0xc638, 0x18c3, 0x18c3, 0x18c3, 0x18c3, 0x18c3, 0x18c3, 0x39c7, 0xffff, 0x5aeb, 0x18c3, 0x3186, 0xffff, 0xf7be,
  0x18c3, 0x18c3, 0x8430, 0xf7be, 0x18e3, 0x18c3, 0x18c3, 0x18c3, 0x18c3, 0x18c3, 0x18c3, 0xef5d, 0x9492, 0x18c3, 0x18c3, 0xe71c,
  0xffff, 0xffff, 0xef7d, 0x528a, 0x18c3, 0x18c3, 0x18c3, 0x18c3, 0x18c3, 0xa514, 0xffff, 0x8c71, 0x18c3, 0x18c3, 0xef7d, 0xffff,
  0xffff, 0x5aeb, 0x18c3, 0x39c7, 0xffff, 0x6b4d, 0x18c3, 0x2124, 0xffff, 0xffff, 0x2965, 0x18c3, 0x630c, 0xffff, 0x4208, 0x18c3,
  0x4a69, 0xffff, 0xdedb, 0x18c3, 0x18c3, 0x9492, 0x0000, 0xdefb, 0xffff, 0xbdd7, 0x0000, 0x52aa, 0xffff, 0xffff, 0x4228, 0x0000,
  0xce59, 0xffff, 0xc638, 0x0000, 0x39c7, 0xe71c, 0xffff, 0xffff, 0xffff, 0xffff, 0xffff, 0x18c3, 0x2124, 0xffff, 0xffff, 0xffdf,
  0xffff, 0xffff, 0x4a49, 0x0000, 0x0000, 0xa514, 0xffff, 0xffff, 0xffff, 0xffff, 0xffff, 0xffff, 0x7bcf, 0x0000, 0x0000, 0xffdf,
  0xd6ba, 0xa514, 0xffff, 0xa514, 0x18c3, 0x18e3, 0x2945, 0x5aeb, 0xdedb, 0xffff, 0xd69a, 0x18c3, 0x18c3, 0x738e, 0xa534, 0xa534,
  0xa534, 0xb596, 0xffff, 0x5aeb, 0x18c3, 0x39c7, 0xffff, 0xf7be, 0x18c3, 0x18c3, 0x8430, 0xffff, 0x2124, 0x18c3, 0x528a, 0xa534,
  0xa534, 0xa534, 0xa534, 0xf7be, 0x9492, 0x18c3, 0x18c3, 0xef7d, 0xffff, 0xffff, 0x9492, 0x18c3, 0x18c3, 0xa514, 0xc638, 0x18c3,
  0x18c3, 0xa514, 0xffff, 0x8c71, 0x18c3, 0x18c3, 0xef7d, 0xffff, 0xffff, 0x5aeb, 0x18c3, 0x39c7, 0xffff, 0x7bef, 0x18c3, 0x18e3,
  0xf7be, 0xffdf, 0x2104, 0x18c3, 0x738e, 0xffff, 0x4208, 0x18c3, 0x5acb, 0xffff, 0xdedb, 0x18c3, 0x18c3, 0x9492, 0x0000, 0xdefb,
  0xffff, 0xad75, 0x0000, 0x52aa, 0xffff, 0xffff, 0x39c7, 0x0000, 0xc638, 0xffff, 0xc638, 0x0000, 0xc618, 0xffff, 0xe73c, 0x39e7,
  0x8410, 0xffff, 0xffff, 0x18c3, 0x2124, 0xffff, 0xffff, 0xffff, 0xf79e, 0xffff, 0xdefb, 0x0841, 0x0000, 0x8c71, 0xffff, 0xffdf,
  0x632c, 0x630c, 0x630c, 0x630c, 0x2965, 0x0000, 0x0000, 0xffdf, 0xd6ba, 0xa514, 0xffdf, 0x2965, 0x18c3, 0x94b2, 0xb596, 0xbdd7,
  0xef5d, 0xffff, 0xffdf, 0x3186, 0x18c3, 0x39e7, 0xb596, 0xb5b6, 0x8c51, 0xbdf7, 0xffff, 0x5aeb, 0x18c3, 0x39c7, 0xffff, 0xf7be,
  0x18c3, 0x18c3, 0x8430, 0xffff, 0x630c, 0x18c3, 0x2124, 0xa514, 0xbdd7, 0x94b2, 0x9cd3, 0xffff, 0x9492, 0x18c3, 0x18c3, 0xef7d,
  0xffff, 0xffff, 0x8410, 0x18c3, 0x18c3, 0xa514, 0x6b6d, 0x18c3, 0x18c3, 0xa514, 0xffff, 0x9cd3, 0x18c3, 0x18c3, 0x6b6d, 0x7bcf,
  0xffdf, 0x5aeb, 0x18c3, 0x39c7, 0xffff, 0xc618, 0x18c3, 0x18c3, 0x73ae, 0x7bef, 0x18c3, 0x18c3, 0xb596, 0xffff, 0x4208, 0x18c3,
  0x5acb, 0xffff, 0xdedb, 0x18c3, 0x18c3, 0x9492, 0x0000, 0xdefb, 0xffff, 0xad75, 0x0000, 0x52aa, 0xffff, 0xffff, 0x39c7, 0x0000,
  0xc638, 0xffff, 0xc638, 0x0000, 0xdedb, 0xffff, 0xe71c, 0x528a, 0xce79, 0xffff, 0xffff, 0x18c3, 0x2124, 0xffff, 0xffff, 0x8410,
  0x4a69, 0xffff, 0xffff, 0x8c51, 0x0000, 0x4a49, 0xffff, 0xffff, 0x9cd3, 0x4a49, 0x5aeb, 0x9cf3, 0x0020, 0x0000, 0x0000, 0xffdf,
  0xd6ba, 0xa514, 0xffff, 0x6b4d, 0x18c3, 0x18c3, 0x18c3, 0x18c3, 0x18e3, 0xb596, 0xffff, 0xbdd7, 0x2104, 0x18c3, 0x18c3, 0x18c3,
  0x18c3, 0xad55, 0xffff, 0x5aeb, 0x18c3, 0x39c7, 0xffff, 0xf7be, 0x18c3, 0x18c3, 0x8430, 0xffff, 0xdefb, 0x3186, 0x18c3, 0x18c3,
  0x18c3, 0x18c3, 0x73ae, 0xffff, 0x9492, 0x18c3, 0x18c3, 0xef7d, 0xffff, 0xffff, 0xc638, 0x18c3, 0x18c3, 0x18c3, 0x3186, 0x39c7,
  0x18c3, 0xa514, 0xffff, 0xdedb, 0x18e3, 0x18c3, 0x18c3, 0x18e3, 0xf7be, 0x5aeb, 0x18c3, 0x39c7, 0xffff, 0xffff, 0x6b6d, 0x18c3,
  0x18c3, 0x18c3, 0x18c3, 0x5aeb, 0xffdf, 0xffff, 0x4208, 0x18c3, 0x5acb, 0xffff, 0xdedb, 0x18c3, 0x18c3, 0x9492, 0x0000, 0xdefb,
  0xffff, 0xad75, 0x0000, 0x52aa, 0xffff, 0xffff, 0x39c7, 0x0000, 0xc638, 0xffff, 0xc638, 0x0000, 0x8c51, 0xffff, 0xffff, 0xffff,
  0xc618, 0xffdf, 0xffff, 0x18c3, 0x2124, 0xffff, 0xffff, 0x6b4d, 0x0000, 0xb596, 0xffff, 0xffdf, 0x3186, 0x0000, 0xa514, 0xffff,
  0xffff, 0xffff, 0xffff, 0xf7be, 0x0020, 0x0000, 0x0000, 0xffdf, 0xd6ba, 0xa514, 0xbdf7, 0x2124, 0x2945, 0x5aeb, 0x5acb, 0x2965,
  0x18c3, 0x4a49, 0xffff, 0xffff, 0xe73c, 0xa514, 0x8410, 0x8c51, 0xb596, 0xf7be, 0xffff, 0xbdd7, 0x9cd3, 0xad55, 0xffff, 0xffdf,
  0x9cf3, 0x9cd3, 0xce59, 0xffff, 0xffff, 0xf7be, 0xad75, 0x8430, 0x8430, 0xa514, 0xef5d, 0xffff, 0xd69a, 0x9cd3, 0x9cd3, 0xf7be,
  0xffff, 0xffff, 0xffff, 0xc638, 0x8430, 0x94b2, 0xe73c, 0xce79, 0x9cd3, 0xd6ba, 0xffff, 0xffff, 0xce79, 0x8c51, 0x8c51, 0xb5b6,
  0xffff, 0xbdd7, 0x9cd3, 0xad55, 0xffff, 0xffff, 0xffff, 0xce59, 0x8c71, 0x8c71, 0xc618, 0xffff, 0xffff, 0xffff, 0xad75, 0x9cd3,
  0xb5b6, 0xffff, 0xef7d, 0x9cd3, 0x9cd3, 0xc638, 0x0000, 0x630c, 0x6b6d, 0x4a49, 0x0000, 0x2124, 0x6b6d, 0x6b6d, 0x18c3, 0x0000,
  0x52aa, 0x6b6d, 0x52aa, 0x0000, 0x0000, 0x630c, 0x8430, 0x630c, 0x0020, 0x52aa, 0x6b6d, 0x0841, 0x1082, 0x6b6d, 0x6b6d, 0x2965,
  0x0000, 0x18e3, 0x6b6d, 0x6b6d, 0x4228, 0x0000, 0x0000, 0x39c7, 0x7bcf, 0x8c51, 0x7bcf, 0x31a6, 0x0000, 0x0000, 0x0000, 0xffdf,
  0xd6ba, 0xa514, 0x4a69, 0x18c3, 0x9492, 0xffff, 0xf79e, 0x73ae, 0x18c3, 0x630c, 0xffff, 0xffff, 0xffff, 0xffff, 0xffff, 0xffff,
  0xffff, 0xffff, 0xffff, 0xffff, 0xffff, 0xffff, 0xffff, 0xffff, 0xffff, 0xffff, 0xffff, 0xffff, 0xffff, 0xffff, 0xffff, 0xffff,
  0xffff, 0xffff, 0xffff, 0xffff, 0xffff, 0xffff, 0xffff, 0xffff, 0xffff, 0xffff, 0xffff, 0xffff, 0xffff, 0xffff, 0xffff, 0xffff,
  0xffff, 0xffff, 0xffff, 0xffff, 0xffff, 0xffff, 0xffff, 0xffff, 0xffff, 0xffff, 0xffff, 0xffff, 0xffff, 0xffff, 0xffff, 0xffff,
  0xffff, 0xffff, 0xffff, 0xffff, 0xffff, 0xffff, 0xffff, 0xffff, 0xffff, 0xffff, 0xffff, 0xffff, 0xffff, 0xef5d, 0x0000, 0x0000,
  0x0000, 0x0000, 0x0000, 0x0000, 0x0000, 0x0000, 0x0000, 0x0000, 0x0000, 0x0000, 0x0000, 0x0000, 0x0000, 0x0000, 0x0000, 0x0000,
  0x0000, 0x0000, 0x0000, 0x0000, 0x0000, 0x0000, 0x0000, 0x0000, 0x0000, 0x0000, 0x0000, 0x0000, 0x0000, 0x0000, 0x0000, 0x0000,
  0x0000, 0x0000, 0x0000, 0x0000, 0x0000, 0x0000, 0x0000, 0xffdf, 0xd6ba, 0xa514, 0x8410, 0x18c3, 0x18c3, 0x2104, 0x18c3, 0x18c3,
  0x2945, 0xd69a, 0xffff, 0xffff, 0xffff, 0xffff, 0xffff, 0xffff, 0xffff, 0xffff, 0xffff, 0xffff, 0xffff, 0xffff, 0xffff, 0xffff,
  0xffff, 0xffff, 0xffff, 0xffff, 0xffff, 0xffff, 0xffff, 0xffff, 0xffff, 0xffff, 0xffff, 0xffff, 0xffff, 0xffff, 0xffff, 0xffff,
  0xffff, 0xffff, 0xffff, 0xffff, 0xffff, 0xffff, 0xffff, 0xffff, 0xffff, 0xffff, 0xffff, 0xffff, 0xffff, 0xffff, 0xffff, 0xffff,
  0xffff, 0xffff, 0xffff, 0xffff, 0xffff, 0xffff, 0xffff, 0xffff, 0xffff, 0xffff, 0xffff, 0xffff, 0xffff, 0xffff, 0xffff, 0xffff,
  0xffff, 0xffff, 0xffff, 0xffff, 0xffff, 0xef5d, 0x0000, 0x0000, 0x0000, 0x0000, 0x0000, 0x0000, 0x0000, 0x0000, 0x0000, 0x0000,
  0x0000, 0x0000, 0x0000, 0x0000, 0x0000, 0x0000, 0x0000, 0x0000, 0x0000, 0x0000, 0x0000, 0x0000, 0x0000, 0x0000, 0x0000, 0x0000,
  0x0000, 0x0000, 0x0000, 0x0000, 0x0000, 0x0000, 0x0000, 0x0000, 0x0000, 0x0000, 0x0000, 0x0000, 0x0000, 0x0000, 0x0000, 0xffdf,
  0xd6ba, 0xa514, 0xffff, 0xad75, 0x73ae, 0x632c, 0x73ae, 0xa534, 0xef7d, 0xffff, 0xffff, 0xffff, 0xffff, 0xffff, 0xffff, 0xffff,
  0xffff, 0xffff, 0xffff, 0xffff, 0xffff, 0xffff, 0xffff, 0xffff, 0xffff, 0xffff, 0xffff, 0xffff, 0xffff, 0xffff, 0xffff, 0xffff,
  0xffff, 0xffff, 0xffff, 0xffff, 0xffff, 0xffff, 0xffff, 0xffff, 0xffff, 0xffff, 0xffff, 0xffff, 0xffff, 0xffff, 0xffff, 0xffff,
  0xffff, 0xffff, 0xffff, 0xffff, 0xffff, 0xffff, 0xffff, 0xffff, 0xffff, 0xffff, 0xffff, 0xffff, 0xffff, 0xffff, 0xffff, 0xffff,
  0xffff, 0xffff, 0xffff, 0xffff, 0xffff, 0xffff, 0xffff, 0xffff, 0xffff, 0xffff, 0xffff, 0xffff, 0xffff, 0xef5d, 0x0000, 0x0000,
  0x0000, 0x0000, 0x0000, 0x0000, 0x0000, 0x0000, 0x0000, 0x0000, 0x0000, 0x0000, 0x0000, 0x0000, 0x0000, 0x0000, 0x0000, 0x0000,
  0x0000, 0x0000, 0x0000, 0x0000, 0x0000, 0x0000, 0x0000, 0x0000, 0x0000, 0x0000, 0x0000, 0x0000, 0x0000, 0x0000, 0x0000, 0x0000,
  0x0000, 0x0000, 0x0000, 0x0000, 0x0000, 0x0000, 0x0000, 0xffdf, 0xd6ba, 0x5aeb, 0x9492, 0x9492, 0x9492, 0x9492, 0x9492, 0x9492,
  0x9492, 0x9492, 0x9492, 0x9492, 0x9492, 0x9492, 0x9492, 0x9492, 0x9492, 0x9492, 0x9492, 0x9492, 0x9492, 0x9492, 0x9492, 0x9492,
  0x9492, 0x9492, 0x9492, 0x9492, 0x9492, 0x9492, 0x9492, 0x9492, 0x9492, 0x9492, 0x9492, 0x9492, 0x9492, 0x9492, 0x9492, 0x9492,
  0x9492, 0x9492, 0x9492, 0x9492, 0x9492, 0x9492, 0x9492, 0x9492, 0x9492, 0x9492, 0x9492, 0x9492, 0x9492, 0x9492, 0x9492, 0x9492,
  0x9492, 0x9492, 0x9492, 0x9492, 0x9492, 0x9492, 0x9492, 0x9492, 0x9492, 0x9492, 0x9492, 0x9492, 0x9492, 0x9492, 0x9492, 0x9492,
  0x9492, 0x9492, 0x9492, 0x9492, 0x9492, 0x8430, 0x0000, 0x0000, 0x0000, 0x0000, 0x0000, 0x0000, 0x0000, 0x0000, 0x0000, 0x0000,
  0x0000, 0x0000, 0x0000, 0x0000, 0x0000, 0x0000, 0x0000, 0x0000, 0x0000, 0x0000, 0x0000, 0x0000, 0x0000, 0x0000, 0x0000, 0x0000,
  0x0000, 0x0000, 0x0000, 0x0000, 0x0000, 0x0000, 0x0000, 0x0000, 0x0000, 0x0000, 0x0000, 0x0000, 0x0000, 0x0000, 0x0000, 0xffdf,
  0xffdf, 0xe73c, 0xe73c, 0xe73c, 0xe73c, 0xe73c, 0xe73c, 0xe73c, 0xe73c, 0xe73c, 0xe73c, 0xe73c, 0xe73c, 0xe73c, 0xe73c, 0xe73c,
  0xe73c, 0xe73c, 0xe73c, 0xe73c, 0xe73c, 0xe73c, 0xe73c, 0xe73c, 0xe73c, 0xe73c, 0xe73c, 0xe73c, 0xe73c, 0xe73c, 0xe73c, 0xe73c,
  0xe73c, 0xe73c, 0xe73c, 0xe73c, 0xe73c, 0xe73c, 0xe73c, 0xe73c, 0xe73c, 0xe73c, 0xe73c, 0xe73c, 0xe73c, 0xe73c, 0xe73c, 0xe73c,
  0xe73c, 0xe73c, 0xe73c, 0xe73c, 0xe73c, 0xe73c, 0xe73c, 0xe73c, 0xe73c, 0xe73c, 0xe73c, 0xe73c, 0xe73c, 0xe73c, 0xe73c, 0xe73c,
  0xe73c, 0xe73c, 0xe73c, 0xe73c, 0xe73c, 0xe73c, 0xe73c, 0xe73c, 0xe73c, 0xe73c, 0xe73c, 0xe73c, 0xe73c, 0xe73c, 0xe73c, 0xe73c,
  0xe73c, 0xe73c, 0xe73c, 0xe73c, 0xe73c, 0xe73c, 0xe73c, 0xe73c, 0xe73c, 0xe73c, 0xe73c, 0xe73c, 0xe73c, 0xe73c, 0xe73c, 0xe73c,
  0xe73c, 0xe73c, 0xe73c, 0xe73c, 0xe73c, 0xe73c, 0xe73c, 0xe73c, 0xe73c, 0xe73c, 0xe73c, 0xe73c, 0xe73c, 0xe73c, 0xe73c, 0xe73c,
  0xe73c, 0xe73c, 0xe73c, 0xe73c, 0xe73c, 0xe73c, 0xe73c, 0xffff
};

const uint16_t epd_bitmap_opencyphal_logo_display[] = {
  // 'opencyphal_logo_display', 120x26px
  0xffff, 0xffff, 0xffff, 0xffff, 0xffff, 0xffff, 0xffff, 0xffff, 0xffff, 0xffff, 0xffff, 0xffff, 0xffff, 0xffff, 0xffff, 0xffff,
  0xffff, 0xffff, 0xffff, 0xffff, 0xffff, 0xffff, 0xffff, 0xffff, 0xffff, 0xffff, 0xffff, 0xffff, 0xffff, 0xffff, 0xffff, 0xffff,
  0xffff, 0xffff, 0xffff, 0xffff, 0xffff, 0xffff, 0xffff, 0xffff, 0xffff, 0xffff, 0xffff, 0xffff, 0xffff, 0xffff, 0xffff, 0xffff,
  0xffff, 0xffff, 0xffff, 0xffff, 0xffff, 0xffff, 0xffff, 0xffff, 0xffff, 0xffff, 0xffff, 0xffff, 0xffff, 0xffff, 0xffff, 0xffff,
  0xffff, 0xffff, 0xffff, 0xffff, 0xffff, 0xffff, 0xffff, 0xffff, 0xffff, 0xffff, 0xffff, 0xffff, 0xffff, 0xffff, 0xffff, 0xffff,
  0xffff, 0xffff, 0xffff, 0xffff, 0xffff, 0xffff, 0xffff, 0xffff, 0xffff, 0xffff, 0xffff, 0xffff, 0xffff, 0xffff, 0xffff, 0xffff,
  0xffff, 0xffff, 0xffff, 0xffff, 0xffff, 0xffff, 0xffff, 0xffff, 0xffff, 0xffff, 0xffff, 0xffff, 0xffff, 0xffff, 0xffff, 0xffff,
  0xffff, 0xffff, 0xffff, 0xffff, 0xffff, 0xffff, 0xffff, 0xffff, 0xffff, 0xffff, 0xffff, 0xffff, 0xffff, 0xffff, 0xffff, 0xffff,
  0xffff, 0xffff, 0xf7bf, 0xf79f, 0xffff, 0xffff, 0xffff, 0xffff, 0xffff, 0xffff, 0xffff, 0xffff, 0xffff, 0xffff, 0xffff, 0xffff,
  0xffff, 0xffff, 0xffff, 0xffff, 0xffff, 0xffff, 0xffff, 0xffff, 0xffff, 0xffff, 0xffff, 0xffff, 0xffff, 0xffff, 0xffff, 0xffff,
  0xffff, 0xffff, 0xffff, 0xffff, 0xffff, 0xffff, 0xffff, 0xffff, 0xffff, 0xffff, 0xffff, 0xffff, 0xffff, 0xffff, 0xffff, 0xffff,
  0xffff, 0xffff, 0xffff, 0xffff, 0xffff, 0xffff, 0xffff, 0xffff, 0xffff, 0xffff, 0xffff, 0xffff, 0xffff, 0xffff, 0xffff, 0xffff,
  0xffff, 0xffff, 0xffff, 0xffff, 0xffff, 0xffff, 0xffff, 0xffff, 0xffff, 0xffff, 0xffff, 0xffff, 0xffff, 0xffff, 0xffff, 0xffff,
  0xffff, 0xffff, 0xffff, 0xffff, 0xffff, 0xffff, 0xffff, 0xffff, 0xffff, 0xffff, 0xffff, 0xffff, 0xffff, 0xffff, 0xffff, 0xffff,
  0xffff, 0xffff, 0xffff, 0xffff, 0xffff, 0xffff, 0xffff, 0xffff, 0xffff, 0xffff, 0xffff, 0xffff, 0xffff, 0xffff, 0xffff, 0xffff,
  0xffff, 0xffff, 0xffff, 0xffff, 0xffff, 0xffff, 0xffff, 0xc5dd, 0x6ad9, 0x30f7, 0x1816, 0x1016, 0x2076, 0x5218, 0x9c9b, 0xf79f,
  0xffff, 0xffff, 0xffff, 0xffff, 0xffff, 0xffff, 0xffff, 0xffff, 0xffff, 0xffff, 0xffff, 0xffff, 0xffff, 0xffff, 0xffff, 0xffff,
  0xffff, 0xffff, 0xffff, 0xffff, 0xffff, 0xffff, 0xffff, 0xffff, 0xffff, 0xffff, 0xffff, 0xffff, 0xffff, 0xffff, 0xffff, 0xffff,
  0xffff, 0xffff, 0xffff, 0xffff, 0xffff, 0xffff, 0xffff, 0xffff, 0xffff, 0xffff, 0xffff, 0xffff, 0xffff, 0xffff, 0xffff, 0xffff,
  0xffff, 0xffff, 0xffff, 0xffff, 0xffff, 0xffff, 0xffff, 0xffff, 0xffff, 0xffff, 0xffff, 0xffff, 0xffff, 0xffff, 0xffff, 0xffff,
  0xffff, 0xffff, 0xffff, 0xffff, 0xffff, 0xffff, 0xffff, 0xffff, 0xffff, 0xffff, 0xffff, 0xffff, 0xffff, 0xffff, 0xffff, 0xffff,
  0xffff, 0xffff, 0xffff, 0xffff, 0xffff, 0xffff, 0xffff, 0xffff, 0xffff, 0xffff, 0xffff, 0xffff, 0xffff, 0xffff, 0xffff, 0xffff,
  0xffff, 0xffff, 0xffff, 0xffff, 0xffff, 0xffff, 0xffff, 0xffff, 0xffff, 0xffff, 0xffff, 0xffff, 0xffff, 0xdefe, 0x5218, 0x1816,
  0x1816, 0x30f7, 0x5218, 0x5239, 0x3958, 0x1836, 0x1016, 0x28d7, 0xad3c, 0xffff, 0xffff, 0xffff, 0xffff, 0xffff, 0xffff, 0xffff,
  0xffff, 0xffff, 0xffff, 0xffff, 0xffff, 0xffff, 0xffff, 0xffff, 0xffff, 0xffff, 0xffff, 0xffff, 0xffff, 0xffff, 0xffff, 0xffff,
  0xffff, 0xffff, 0xffff, 0xffff, 0xffff, 0xffff, 0xffff, 0xffff, 0xffff, 0xffff, 0xffff, 0xffff, 0xffff, 0xffff, 0xffff, 0xffff,
  0xffff, 0xffff, 0xffff, 0xffff, 0xffff, 0xffdf, 0xdebe, 0xc61d, 0xce3d, 0xef7f, 0xffff, 0xffff, 0xffff, 0xffff, 0xffff, 0xffff,
  0xffff, 0xffff, 0xffff, 0xffff, 0xffff, 0xffff, 0xffff, 0xffff, 0xffff, 0xffff, 0xffff, 0xffff, 0xffff, 0xffff, 0xffff, 0xffff,
  0xffff, 0xffff, 0xffff, 0xffff, 0xffff, 0xbddd, 0x3977, 0x3977, 0xf79f, 0xffff, 0xffff, 0xffff, 0xffff, 0xffff, 0xffff, 0xffff,
  0xffff, 0xffff, 0xffff, 0xffff, 0xffff, 0xffff, 0xffff, 0xffff, 0xffff, 0xffff, 0xffff, 0xffff, 0x4a38, 0x41b8, 0xad3c, 0xffff,
  0xffff, 0xffff, 0xffff, 0xffff, 0xce3d, 0x2897, 0x1816, 0x6299, 0xce5d, 0xe73e, 0xbdbd, 0xb57c, 0xdebe, 0xef5f, 0x8c1b, 0x2076,
  0x1816, 0x8c1b, 0xffff, 0xffff, 0xffff, 0xffff, 0xffff, 0xffff, 0xffff, 0xffff, 0xffff, 0xffff, 0xffff, 0xffff, 0xffff, 0xffff,
  0xffff, 0xffff, 0xffff, 0xffff, 0xffff, 0xffff, 0xffff, 0xffff, 0xffff, 0xffff, 0xffff, 0xffff, 0xffff, 0xffff, 0xffff, 0xffff,
  0xffff, 0xffff, 0xffff, 0xffff, 0xffff, 0xffff, 0xffff, 0xffff, 0xffff, 0xffff, 0xffff, 0xe6fe, 0x733a, 0x20b7, 0x1056, 0x1056,
  0x1056, 0x1876, 0x5a99, 0xd6be, 0xffff, 0xffff, 0xffff, 0xffff, 0xffff, 0xffff, 0xffff, 0xffff, 0xffff, 0xffff, 0xffff, 0xffff,
  0xffff, 0xffff, 0xffff, 0xffff, 0xffff, 0xffff, 0xffff, 0xffff, 0xffff, 0xffff, 0xffff, 0xffff, 0xffff, 0xb57c, 0x1056, 0x1056,
  0xef7f, 0xffff, 0xffff, 0xffff, 0xffff, 0xffff, 0xffff, 0xffff, 0xffff, 0xffff, 0xffff, 0xffff, 0xffff, 0xffff, 0xffff, 0xffff,
  0xffff, 0xffff, 0xffff, 0xffff, 0x28f7, 0x1056, 0x9cbb, 0xffff, 0xffff, 0xffff, 0xffff, 0xe6fe, 0x28b7, 0x1836, 0xa4fc, 0xdede,
  0x5a79, 0x1816, 0x1816, 0x1016, 0x1816, 0x6299, 0xffff, 0xdebe, 0x3117, 0x1816, 0xa4dc, 0xffff, 0xffff, 0xffff, 0xffff, 0xffff,
  0xffff, 0xffff, 0xffff, 0xffff, 0xffff, 0xffff, 0xffff, 0xffff, 0xffff, 0xffff, 0xffff, 0xffff, 0xffff, 0xffff, 0xffff, 0xffff,
  0xffff, 0xffff, 0xffff, 0xffff, 0xffff, 0xffff, 0xffff, 0xffff, 0xffff, 0xffff, 0xffff, 0xffff, 0xffff, 0xffff, 0xffff, 0xffff,
  0xffff, 0xffff, 0xb59c, 0x20b6, 0x1056, 0x1056, 0x1056, 0x1856, 0x1856, 0x1056, 0x1056, 0x2096, 0xbddd, 0xffff, 0xffff, 0xffff,
  0xffff, 0xffff, 0xffff, 0xffff, 0xffff, 0xffff, 0xffff, 0xffff, 0xffff, 0xffff, 0xffff, 0xffff, 0xffff, 0xffff, 0xffff, 0xffff,
  0xffff, 0xffff, 0xffff, 0xffff, 0xffff, 0xb57c, 0x1056, 0x1056, 0xef7f, 0xffff, 0xffff, 0xffff, 0xffff, 0xffff, 0xffff, 0xffff,
  0xffff, 0xffff, 0xffff, 0xffff, 0xffff, 0xffff, 0xffff, 0xffff, 0xffff, 0xffff, 0xffff, 0xffff, 0x28f7, 0x1056, 0x9cbb, 0xffff,
  0xffff, 0xffff, 0xffff, 0x5a59, 0x1816, 0x9c9b, 0xc5fd, 0x2097, 0x1816, 0x41b8, 0x83ba, 0x8c1b, 0x6299, 0xc5fd, 0xfd4d, 0xfd4e,
  0xdefe, 0x2897, 0x2076, 0xe73e, 0xffff, 0xffff, 0xffff, 0xffff, 0xffff, 0xffff, 0xffff, 0xffff, 0xffff, 0xffff, 0xffff, 0xffff,
  0xffff, 0xffff, 0xffff, 0xffff, 0xffff, 0xffff, 0xffff, 0xffff, 0xffff, 0xffff, 0xffff, 0xffff, 0xffff, 0xffff, 0xffff, 0xffff,
  0xffff, 0xffff, 0xffff, 0xffff, 0xffff, 0xffff, 0xffff, 0xffff, 0xffff, 0xce3d, 0x1896, 0x1056, 0x1876, 0x737a, 0xce5d, 0xef7f,
  0xe6fe, 0x947b, 0x2096, 0x3157, 0xce5d, 0xffff, 0xffff, 0xffff, 0xffff, 0xffff, 0xffff, 0xffff, 0xffff, 0xffff, 0xffff, 0xffff,
  0xffff, 0xffff, 0xffff, 0xffff, 0xffff, 0xffff, 0xffff, 0xffff, 0xffff, 0xffff, 0xffff, 0xffff, 0xffff, 0xb57c, 0x1056, 0x1056,
  0xef7f, 0xffff, 0xffff, 0xffff, 0xffff, 0xffff, 0xffff, 0xffff, 0xffff, 0xffff, 0xffff, 0xffff, 0xffff, 0xffff, 0xffff, 0xffff,
  0xffff, 0xffff, 0xffff, 0xffff, 0x28f7, 0x1056, 0x9cbb, 0xffff, 0xffff, 0xffff, 0xd65e, 0x1816, 0x51f8, 0xe71e, 0x2097, 0x1856,
  0xb55c, 0xffff, 0xffff, 0xffff, 0xffff, 0xff3a, 0xfb61, 0xfc05, 0xffff, 0xa4dc, 0x1016, 0x7b9a, 0xffff, 0xffff, 0xffff, 0xffff,
  0xffff, 0xffff, 0xffff, 0xffff, 0xffff, 0xffff, 0xffff, 0xffff, 0xffff, 0xffff, 0xffff, 0xffff, 0xffff, 0xffff, 0xffff, 0xffff,
  0xffff, 0xffff, 0xffff, 0xffff, 0xffff, 0xffff, 0xffff, 0xffff, 0xffff, 0xffff, 0xffff, 0xffff, 0xffff, 0xffff, 0xffff, 0xffff,
  0xffff, 0x3998, 0x1056, 0x1876, 0xb59c, 0xffff, 0xffff, 0xffff, 0xffff, 0xffff, 0xd67e, 0xf79f, 0xffff, 0xffff, 0xffff, 0xffff,
  0xffff, 0xffff, 0xffff, 0xffff, 0xffff, 0xffff, 0xffff, 0xffff, 0xffff, 0xffff, 0xffff, 0xffff, 0xffff, 0xffff, 0xffff, 0xffff,
  0xffff, 0xffff, 0xffff, 0xffff, 0xffff, 0xb57c, 0x1056, 0x1056, 0xef7f, 0xffff, 0xffff, 0xffff, 0xffff, 0xffff, 0xffff, 0xffff,
  0xffff, 0xffff, 0xffff, 0xffff, 0xffff, 0xffff, 0xffff, 0xffff, 0xffff, 0xffff, 0xffff, 0xffff, 0x28f7, 0x1056, 0x9cbb, 0xffff,
  0xffff, 0xffff, 0x7b9a, 0x1836, 0xc61d, 0x731a, 0x1816, 0xa4fc, 0xffff, 0xffff, 0xffff, 0xffff, 0xffff, 0xfca9, 0xfb61, 0xfe96,
  0xffff, 0xffdf, 0x28d7, 0x28d7, 0xffff, 0xc5fd, 0xbddd, 0xef3f, 0xf7bf, 0xad5c, 0x8c3b, 0x9c9b, 0xd69e, 0xffff, 0xffff, 0xffff,
  0xffff, 0xffff, 0xffff, 0xffff, 0xdebe, 0x9cdc, 0x8c3b, 0xa4fc, 0xef5f, 0xffff, 0xffff, 0xffff, 0xffff, 0xce7e, 0xbddd, 0xdede,
  0xf7bf, 0xad3c, 0x8c3b, 0xa4fc, 0xef7f, 0xffff, 0xffff, 0xffff, 0xc5fd, 0x1856, 0x1056, 0x7b9a, 0xffff, 0xffff, 0xffff, 0xffff,
  0xffff, 0xffff, 0xffff, 0xffff, 0xffff, 0xd69e, 0xbddd, 0xc5fd, 0xffff, 0xffff, 0xffff, 0xffff, 0xffff, 0xc5fd, 0xbddd, 0xdefe,
  0xffff, 0xbddd, 0xbddd, 0xef7f, 0xf79f, 0xad3c, 0x8c3b, 0x9cbb, 0xdede, 0xffff, 0xffff, 0xffff, 0xffff, 0xb57c, 0x1056, 0x1056,
  0xef7f, 0xce5d, 0x945b, 0x947b, 0xd67e, 0xffff, 0xffff, 0xffff, 0xffff, 0xffff, 0xffdf, 0xc5fd, 0x949b, 0x8c1b, 0xa4fc, 0xef3f,
  0xffff, 0xffff, 0xffff, 0xffff, 0x28f7, 0x1056, 0x9cbb, 0xffff, 0xffff, 0xffff, 0xdebe, 0xe6fe, 0xce3d, 0x1836, 0x3937, 0xffff,
  0xffff, 0xffff, 0xffff, 0xffff, 0xfe96, 0xfb61, 0xfca9, 0xffff, 0xffff, 0xffff, 0x6af9, 0x1016, 0xdebe, 0x20d7, 0x1056, 0x8c1b,
  0x3137, 0x1056, 0x1056, 0x1056, 0x1856, 0x6b19, 0xffdf, 0xffff, 0xffff, 0xffff, 0xf77f, 0x62d9, 0x1856, 0x1056, 0x1056, 0x1056,
  0x2096, 0xa51c, 0xffff, 0xffff, 0xffff, 0x5259, 0x1056, 0x735a, 0x41d8, 0x1056, 0x1056, 0x1056, 0x28f7, 0xd6be, 0xffff, 0xffff,
  0x7bda, 0x1056, 0x1056, 0xdede, 0xffff, 0xffff, 0xffff, 0xffff, 0xffff, 0xffff, 0xffff, 0xffff, 0xffff, 0xa4dc, 0x1056, 0x1856,
  0xce5d, 0xffff, 0xffff, 0xffff, 0xce5d, 0x1856, 0x1056, 0xc5fd, 0xffff, 0x1856, 0x1056, 0x945b, 0x28f7, 0x1056, 0x1056, 0x1056,
  0x1856, 0x737a, 0xffdf, 0xffff, 0xffff, 0xb57c, 0x1056, 0x1056, 0x83fa, 0x1856, 0x1056, 0x1056, 0x1856, 0x8c1b, 0xffff, 0xffff,
  0xffff, 0xc61d, 0x3137, 0x1056, 0x1056, 0x1056, 0x1056, 0x1896, 0xad1c, 0xffff, 0xffff, 0xffff, 0x28f7, 0x1056, 0x9cbb, 0xffff,
  0xce3d, 0x5218, 0x49f8, 0x49b8, 0x1836, 0x1016, 0x6b1a, 0xffff, 0xffff, 0xffff, 0xffff, 0xffdf, 0xfc05, 0xfb81, 0xff3a, 0xffff,
  0xffff, 0xffff, 0x8c1b, 0x1016, 0xbdbd, 0x20d7, 0x1056, 0x1876, 0x1856, 0x4a38, 0x62b9, 0x28f7, 0x1056, 0x1056, 0x737a, 0xffff,
  0xffff, 0xffff, 0x5238, 0x1056, 0x3998, 0xa51c, 0xb57c, 0x6af9, 0x1856, 0x1876, 0xd67e, 0xffff, 0xffff, 0x5259, 0x1056, 0x2096,
  0x20b6, 0x5a99, 0x49f8, 0x1856, 0x1056, 0x5259, 0xffff, 0xffff, 0x5ab9, 0x1056, 0x20d7, 0xffff, 0xffff, 0xffff, 0xffff, 0xffff,
  0xffff, 0xffff, 0xffff, 0xffff, 0xffff, 0xf79f, 0x20d7, 0x1056, 0x6b3a, 0xffff, 0xffff, 0xffff, 0x7b9a, 0x1056, 0x3157, 0xffff,
  0xffff, 0x1856, 0x1056, 0x1876, 0x1876, 0x5258, 0x62b9, 0x20d7, 0x1056, 0x1056, 0x83da, 0xffff, 0xffff, 0xb57c, 0x1056, 0x1056,
  0x1856, 0x41d8, 0x5ab9, 0x2096, 0x1056, 0x1876, 0xdede, 0xffff, 0xffff, 0xad3c, 0x1876, 0x6af9, 0xad5c, 0xad5c, 0x5a79, 0x1056,
  0x20b6, 0xf77f, 0xffff, 0xffff, 0x28f7, 0x1056, 0x9cbb, 0xffff, 0xb57c, 0x1016, 0x1016, 0x1016, 0x1016, 0x1016, 0x733a, 0xffff,
  0xffff, 0xffff, 0xffff, 0xfdf2, 0xfb61, 0xfd4e, 0xffff, 0xffff, 0xffff, 0xffff, 0x945b, 0x1016, 0xb57c, 0x20d7, 0x1056, 0x1896,
  0xbddd, 0xffff, 0xffff, 0xf77f, 0x5238, 0x1056, 0x1876, 0xe71e, 0xffff, 0xb57c, 0x1056, 0x20d7, 0xef5f, 0xffff, 0xffff, 0xffff,
  0x62b9, 0x1056, 0x6af9, 0xffff, 0xffff, 0x5259, 0x1056, 0x1876, 0xd67e, 0xffff, 0xffff, 0x5a79, 0x1056, 0x2096, 0xffdf, 0xffff,
  0x5259, 0x1056, 0x28f7, 0xffff, 0xffff, 0xffff, 0xffff, 0xffff, 0xffff, 0xffff, 0xffff, 0xffff, 0xffff, 0xffff, 0x7b9a, 0x1056,
  0x20b6, 0xf79f, 0xffff, 0xffdf, 0x28f7, 0x1056, 0x8c3b, 0xffff, 0xffff, 0x1856, 0x1056, 0x20b6, 0xc61d, 0xffff, 0xffff, 0xef5f,
  0x49f8, 0x1056, 0x1896, 0xef7f, 0xffff, 0xb57c, 0x1056, 0x1056, 0x7b9a, 0xffff, 0xffff, 0xb57c, 0x1056, 0x1056, 0xa4fc, 0xffff,
  0xffff, 0xffff, 0xe71e, 0xffff, 0xffff, 0xffff, 0xffdf, 0x3137, 0x1056, 0xbdbd, 0xffff, 0xffff, 0x28f7, 0x1056, 0x9cbb, 0xffff,
  0xffff, 0xffdf, 0xf7bf, 0xf79f, 0x9c9b, 0x1816, 0x49b8, 0xffff, 0xffff, 0xffff, 0xff9d, 0xfba3, 0xfbc3, 0xffbd, 0xffff, 0xffff,
  0xffff, 0xffff, 0x735a, 0x1016, 0xce5d, 0x20d7, 0x1056, 0x735a, 0xffff, 0xffff, 0xffff, 0xffff, 0xdede, 0x1856, 0x1056, 0xad3c,
  0xffff, 0x6b19, 0x1056, 0x41b8, 0xa51c, 0xa51c, 0xa51c, 0xa51c, 0x6af9, 0x1056, 0x2917, 0xffff, 0xffff, 0x5259, 0x1056, 0x5258,
  0xffff, 0xffff, 0xffff, 0x9cdc, 0x1056, 0x1856, 0xf79f, 0xffff, 0x62f9, 0x1056, 0x1876, 0xf79f, 0xffff, 0xffff, 0xffff, 0xffff,
  0xffff, 0xffff, 0xffff, 0xffff, 0xffff, 0xffff, 0xdebe, 0x1876, 0x1056, 0x9cdc, 0xffff, 0xbddd, 0x1856, 0x1876, 0xe71e, 0xffff,
  0xffff, 0x1856, 0x1056, 0x83da, 0xffff, 0xffff, 0xffff, 0xffff, 0xce5d, 0x1056, 0x1056, 0xbdbd, 0xffff, 0xb57c, 0x1056, 0x1056,
  0xdede, 0xffff, 0xffff, 0xffdf, 0x1876, 0x1056, 0x947b, 0xffff, 0xffff, 0xffff, 0xf79f, 0xb59c, 0x8c3b, 0x7b9a, 0x737a, 0x2917,
  0x1056, 0xa51c, 0xffff, 0xffff, 0x28f7, 0x1056, 0x9cbb, 0xffff, 0xffff, 0xffff, 0x735a, 0x3937, 0xe6fe, 0x5239, 0x1816, 0xce1d,
  0xffff, 0xffff, 0xfd4d, 0xfb61, 0xfe12, 0xffff, 0xffff, 0xffff, 0xffff, 0xffff, 0x3957, 0x2056, 0xf7bf, 0x20d7, 0x1056, 0xa4dc,
  0xffff, 0xffff, 0xffff, 0xffff, 0xffff, 0x20b6, 0x1056, 0x947b, 0xffff, 0x5258, 0x1056, 0x1056, 0x1056, 0x1056, 0x1056, 0x1056,
  0x1056, 0x1056, 0x2096, 0xffdf, 0xffff, 0x5259, 0x1056, 0x62d9, 0xffff, 0xffff, 0xffff, 0xad5c, 0x1056, 0x1056, 0xf79f, 0xffff,
  0x945b, 0x1056, 0x1056, 0xad5c, 0xffff, 0xffff, 0xffff, 0xffff, 0xffff, 0xffff, 0xffff, 0xffff, 0xffff, 0xffff, 0xffff, 0x5259,
  0x1056, 0x41d8, 0xffff, 0x6b19, 0x1056, 0x5279, 0xffff, 0xffff, 0xffff, 0x1856, 0x1056, 0xad5c, 0xffff, 0xffff, 0xffff, 0xffff,
  0xffdf, 0x1856, 0x1056, 0xa4fc, 0xffff, 0xb57c, 0x1056, 0x1056, 0xef7f, 0xffff, 0xffff, 0xffff, 0x20d7, 0x1056, 0x947b, 0xffff,
  0xffff, 0xa51c, 0x20b7, 0x1056, 0x1056, 0x1856, 0x1856, 0x1856, 0x1056, 0xa4fc, 0xffff, 0xffff, 0x28f7, 0x1056, 0x9cbb, 0xffff,
  0xffff, 0xffff, 0xbd9d, 0x1816, 0x6ad9, 0xce3d, 0x1836, 0x30f7, 0xe6fe, 0xff3a, 0xfb81, 0xfc26, 0xffff, 0xffff, 0xffff, 0xffff,
  0xffff, 0xc5dd, 0x1816, 0x62b9, 0xffff, 0x20d7, 0x1056, 0x83da, 0xffff, 0xffff, 0xffff, 0xffff, 0xe73e, 0x1876, 0x1056, 0xa51c,
  0xffff, 0x62d9, 0x1056, 0x3998, 0x949b, 0x949b, 0x949b, 0x949b, 0x949b, 0x949b, 0x9c9b, 0xffdf, 0xffff, 0x5259, 0x1056, 0x62d9,
  0xffff, 0xffff, 0xffff, 0xad5c, 0x1056, 0x1056, 0xf79f, 0xffff, 0xe6fe, 0x1876, 0x1056, 0x3977, 0xf7bf, 0xffff, 0xffff, 0xffff,
  0xffff, 0xffff, 0xffdf, 0xf7bf, 0xffff, 0xffff, 0xffff, 0xb59d, 0x1056, 0x1856, 0xc5fd, 0x20b6, 0x1056, 0xb57c, 0xffff, 0xffff,
  0xffff, 0x1856, 0x1056, 0x945b, 0xffff, 0xffff, 0xffff, 0xffff, 0xdede, 0x1056, 0x1056, 0xb57c, 0xffff, 0xb57c, 0x1056, 0x1056,
  0xef7f, 0xffff, 0xffff, 0xffff, 0x20d7, 0x1056, 0x947b, 0xffff, 0xd69e, 0x1876, 0x1056, 0x5ab9, 0xbddd, 0xe71e, 0xef3f, 0x28f7,
  0x1056, 0xa4fc, 0xffff, 0xffff, 0x28f7, 0x1056, 0x9cbb, 0xffff, 0xffff, 0xffff, 0xffff, 0x3978, 0x1836, 0xc5fd, 0x945b, 0x1856,
  0xdefe, 0xfc89, 0xfb61, 0xfeb7, 0xffff, 0xffff, 0xffff, 0xffff, 0xf79f, 0x3958, 0x1816, 0xce5e, 0xffff, 0x20d7, 0x1056, 0x28d7,
  0xdede, 0xffff, 0xffff, 0xffff, 0x6b3a, 0x1056, 0x1856, 0xdede, 0xffff, 0xa4dc, 0x1056, 0x28f7, 0xef7f, 0xffff, 0xffff, 0xffff,
  0xce5d, 0xe71e, 0xffff, 0xffff, 0xffff, 0x5259, 0x1056, 0x62d9, 0xffff, 0xffff, 0xffff, 0xad5c, 0x1056, 0x1056, 0xf79f, 0xffff,
  0xffff, 0x735a, 0x1056, 0x1056, 0x5238, 0xe73f, 0xffff, 0xffff, 0xffff, 0xf79f, 0x62b9, 0x3998, 0xd69e, 0xffff, 0xffff, 0xffff,
  0x3137, 0x1056, 0x3137, 0x1056, 0x28f7, 0xffbf, 0xffff, 0xffff, 0xffff, 0x1856, 0x1056, 0x2917, 0xe71e, 0xffff, 0xffff, 0xffdf,
  0x62d9, 0x1056, 0x1876, 0xe73f, 0xffff, 0xb57c, 0x1056, 0x1056, 0xef7f, 0xffff, 0xffff, 0xffff, 0x20d7, 0x1056, 0x947b, 0xffff,
  0x9cdc, 0x1056, 0x1896, 0xf7bf, 0xffff, 0xffff, 0xef5f, 0x1876, 0x1056, 0xa4fc, 0xffff, 0xffff, 0x28f7, 0x1056, 0x9cbb, 0xffff,
  0xffff, 0xffff, 0xffff, 0xce3d, 0x1836, 0x28b7, 0xce5d, 0xd69e, 0xfe96, 0xfb61, 0xfcca, 0xffff, 0xffff, 0xffff, 0xffff, 0xf7bf,
  0x5a59, 0x1016, 0x7b5a, 0xffff, 0xffff, 0x20d7, 0x1056, 0x1056, 0x20d7, 0x7b9a, 0x8c1b, 0x49f8, 0x1056, 0x1056, 0x62b9, 0xffff,
  0xffff, 0xf7bf, 0x3997, 0x1056, 0x3998, 0xad3c, 0xc5fd, 0x8c1b, 0x20b6, 0x28f7, 0xce5d, 0xffff, 0xffff, 0x5259, 0x1056, 0x62d9,
  0xffff, 0xffff, 0xffff, 0xad5c, 0x1056, 0x1056, 0xf79f, 0xffff, 0xffff, 0xf79f, 0x41d8, 0x1056, 0x1056, 0x20b6, 0x62f9, 0x8c3b,
  0x7bba, 0x3137, 0x1056, 0x1056, 0x41f8, 0xffff, 0xffff, 0xffff, 0x945b, 0x1056, 0x1056, 0x1056, 0x7bba, 0xffff, 0xffff, 0xffff,
  0xffff, 0x1856, 0x1056, 0x1056, 0x28f7, 0x7b9a, 0x8c1b, 0x41b8, 0x1056, 0x1056, 0x6b3a, 0xffff, 0xffff, 0xb57c, 0x1056, 0x1056,
  0xef7f, 0xffff, 0xffff, 0xffff, 0x20d7, 0x1056, 0x947b, 0xffff, 0xb57c, 0x1056, 0x1856, 0x8c3b, 0xdede, 0xce3d, 0x5258, 0x1056,
  0x1056, 0xa4fc, 0xffff, 0xffff, 0x28f7, 0x1056, 0x9cbb, 0xffff, 0xffff, 0xffff, 0xffff, 0xffff, 0xa4dc, 0x1816, 0x2056, 0x945b,
  0xf79e, 0xfe96, 0xff7c, 0xffff, 0xffff, 0xffff, 0xce1d, 0x4178, 0x1816, 0x5239, 0xffdf, 0xffff, 0xffff, 0x20d7, 0x1056, 0x5a99,
  0x20b7, 0x1056, 0x1056, 0x1056, 0x1056, 0x41d8, 0xef5f, 0xffff, 0xffff, 0xffff, 0xdefe, 0x3998, 0x1056, 0x1056, 0x1056, 0x1056,
  0x1856, 0x4a38, 0xef7f, 0xffff, 0xffff, 0x5259, 0x1056, 0x62d9, 0xffff, 0xffff, 0xffff, 0xad5c, 0x1056, 0x1056, 0xf79f, 0xffff,
  0xffff, 0xffff, 0xf79f, 0x6b19, 0x1856, 0x1056, 0x1056, 0x1056, 0x1056, 0x1056, 0x1856, 0x4a38, 0xef3f, 0xffff, 0xffff, 0xffff,
  0xef5f, 0x1896, 0x1056, 0x1856, 0xd69e, 0xffff, 0xffff, 0xffff, 0xffff, 0x1856, 0x1056, 0x5ab9, 0x2096, 0x1056, 0x1056, 0x1056,
  0x1856, 0x4a38, 0xf79f, 0xffff, 0xffff, 0xb57c, 0x1056, 0x1056, 0xef7f, 0xffff, 0xffff, 0xffff, 0x20d7, 0x1056, 0x947b, 0xffff,
  0xffdf, 0x4a18, 0x1056, 0x1056, 0x1056, 0x1056, 0x41b8, 0x41b8, 0x1056, 0xa4fc, 0xffff, 0xffff, 0x28f7, 0x1056, 0x9cbb, 0xffff,
  0xffff, 0xffff, 0xffff, 0xffff, 0xffff, 0xb55c, 0x2097, 0x1016, 0x28b7, 0x6ad9, 0x943b, 0x9c7b, 0x7b7a, 0x4198, 0x1816, 0x1816,
  0x733a, 0xffbf, 0xffff, 0xffff, 0xffff, 0x20d7, 0x1056, 0x947b, 0xe73e, 0x8c3b, 0x62d9, 0x6b19, 0xad1c, 0xffdf, 0xffff, 0xffff,
  0xffff, 0xffff, 0xffff, 0xffdf, 0xad5c, 0x735a, 0x5ab9, 0x737a, 0xbdbd, 0xffff, 0xffff, 0xffff, 0xffff, 0xb57c, 0x9c9b, 0xbdbd,
  0xffff, 0xffff, 0xffff, 0xdede, 0x9c9b, 0x9c9b, 0xffdf, 0xffff, 0xffff, 0xffff, 0xffff, 0xffff, 0xd6be, 0x8c1b, 0x5a99, 0x41f8,
  0x4a18, 0x735a, 0xbdbd, 0xffff, 0xffff, 0xffff, 0xffff, 0xffff, 0xffff, 0x5279, 0x1056, 0x49f8, 0xffff, 0xffff, 0xffff, 0xffff,
  0xffff, 0x1856, 0x1056, 0xa4dc, 0xe6fe, 0x841b, 0x62d9, 0x6b39, 0xad5c, 0xffff, 0xffff, 0xffff, 0xffff, 0xdede, 0x9c9b, 0x9c9b,
  0xffbf, 0xffff, 0xffff, 0xffff, 0x9cdc, 0x9c9b, 0xd67e, 0xffff, 0xffff, 0xffdf, 0xa4fc, 0x6b19, 0x62d9, 0x9cbb, 0xf79f, 0xb55c,
  0x9c9b, 0xd6be, 0xffff, 0xffff, 0x9c9b, 0x945b, 0xce7e, 0xffff, 0xffff, 0xffff, 0xffff, 0xffff, 0xffff, 0xffff, 0xef3f, 0x7b9a,
  0x28b7, 0x1016, 0x1016, 0x1016, 0x1016, 0x1856, 0x5a79, 0xce1d, 0xffff, 0xffff, 0xffff, 0xffff, 0xffff, 0x20d7, 0x1056, 0x947b,
  0xffff, 0xffff, 0xffff, 0xffff, 0xffff, 0xffff, 0xffff, 0xffff, 0xffff, 0xffff, 0xffff, 0xffff, 0xffff, 0xffff, 0xffff, 0xffff,
  0xffff, 0xffff, 0xffff, 0xffff, 0xffff, 0xffff, 0xffff, 0xffff, 0xffff, 0xffff, 0xffff, 0xffff, 0xffff, 0xffff, 0xffff, 0xffff,
  0xffff, 0xffff, 0xffff, 0xffff, 0xffff, 0xffff, 0xffff, 0xffff, 0xffff, 0xffff, 0xffff, 0xffff, 0xffff, 0xffff, 0xffff, 0xffff,
  0xf79f, 0x20b6, 0x1056, 0xa4dc, 0xffff, 0xffff, 0xffff, 0xffff, 0xffff, 0x1856, 0x1056, 0xa4dc, 0xffff, 0xffff, 0xffff, 0xffff,
  0xffff, 0xffff, 0xffff, 0xffff, 0xffff, 0xffff, 0xffff, 0xffff, 0xffff, 0xffff, 0xffff, 0xffff, 0xffff, 0xffff, 0xffff, 0xffff,
  0xffff, 0xffff, 0xffff, 0xffff, 0xffff, 0xffff, 0xffff, 0xffff, 0xffff, 0xffff, 0xffff, 0xffff, 0xffff, 0xffff, 0xffff, 0xffff,
  0xffff, 0xffff, 0xffff, 0xffff, 0xffff, 0xffff, 0xffff, 0xffff, 0xffdf, 0xd69e, 0xb57c, 0xad3c, 0xce3d, 0xf79f, 0xffff, 0xffff,
  0xffff, 0xffff, 0xffff, 0xffff, 0xffff, 0x20d7, 0x1056, 0x947b, 0xffff, 0xffff, 0xffff, 0xffff, 0xffff, 0xffff, 0xffff, 0xffff,
  0xffff, 0xffff, 0xffff, 0xffff, 0xffff, 0xffff, 0xffff, 0xffff, 0xffff, 0xffff, 0xffff, 0xffff, 0xffff, 0xffff, 0xffff, 0xffff,
  0xffff, 0xffff, 0xffff, 0xffff, 0xffff, 0xffff, 0xffff, 0xffff, 0xffff, 0xffff, 0xffff, 0xffff, 0xffff, 0xffff, 0xffff, 0xffff,
  0xffff, 0xffff, 0xffff, 0xffff, 0xffff, 0xffdf, 0xffff, 0xffff, 0x841b, 0x1056, 0x20b6, 0xf79f, 0xffff, 0xffff, 0xffff, 0xffff,
  0xffff, 0x1856, 0x1056, 0xa4dc, 0xffff, 0xffff, 0xffff, 0xffff, 0xffff, 0xffff, 0xffff, 0xffff, 0xffff, 0xffff, 0xffff, 0xffff,
  0xffff, 0xffff, 0xffff, 0xffff, 0xffff, 0xffff, 0xffff, 0xffff, 0xffff, 0xffff, 0xffff, 0xffff, 0xffff, 0xffff, 0xffff, 0xffff,
  0xffff, 0xffff, 0xffff, 0xffff, 0xffff, 0xffff, 0xffff, 0xffff, 0xffff, 0xffff, 0xffff, 0xffff, 0xffff, 0xffff, 0xffff, 0xffff,
  0xffff, 0xffff, 0xffff, 0xffff, 0xffff, 0xffff, 0xffff, 0xffff, 0xffff, 0xffff, 0xffff, 0xffff, 0xffff, 0x20d7, 0x1056, 0x947b,
  0xffff, 0xffff, 0xffff, 0xffff, 0xffff, 0xffff, 0xffff, 0xffff, 0xffff, 0xffff, 0xffff, 0xffff, 0xffff, 0xffff, 0xffff, 0xffff,
  0xffff, 0xffff, 0xffff, 0xffff, 0xffff, 0xffff, 0xffff, 0xffff, 0xffff, 0xffff, 0xffff, 0xffff, 0xffff, 0xffff, 0xffff, 0xffff,
  0xffff, 0xffff, 0xffff, 0xffff, 0xffff, 0xffff, 0xffff, 0xffff, 0xffff, 0xffff, 0xffff, 0xffff, 0xffff, 0xbdbd, 0x28f7, 0x28f7,
  0x1056, 0x1056, 0x7bba, 0xffff, 0xffff, 0xffff, 0xffff, 0xffff, 0xffff, 0x1856, 0x1056, 0xa4dc, 0xffff, 0xffff, 0xffff, 0xffff,
  0xffff, 0xffff, 0xffff, 0xffff, 0xffff, 0xffff, 0xffff, 0xffff, 0xffff, 0xffff, 0xffff, 0xffff, 0xffff, 0xffff, 0xffff, 0xffff,
  0xffff, 0xffff, 0xffff, 0xffff, 0xffff, 0xffff, 0xffff, 0xffff, 0xffff, 0xffff, 0xffff, 0xffff, 0xffff, 0xffff, 0xffff, 0xffff,
  0xffff, 0xffff, 0xffff, 0xffff, 0xffff, 0xffff, 0xffff, 0xffff, 0xffff, 0xffff, 0xffff, 0xffff, 0xffff, 0xffff, 0xffff, 0xffff,
  0xffff, 0xffff, 0xffff, 0xffff, 0xffff, 0x28f7, 0x1876, 0x947b, 0xffff, 0xffff, 0xffff, 0xffff, 0xffff, 0xffff, 0xffff, 0xffff,
  0xffff, 0xffff, 0xffff, 0xffff, 0xffff, 0xffff, 0xffff, 0xffff, 0xffff, 0xffff, 0xffff, 0xffff, 0xffff, 0xffff, 0xffff, 0xffff,
  0xffff, 0xffff, 0xffff, 0xffff, 0xffff, 0xffff, 0xffff, 0xffff, 0xffff, 0xffff, 0xffff, 0xffff, 0xffff, 0xffff, 0xffff, 0xffff,
  0xffff, 0xffff, 0xffff, 0xffff, 0xffff, 0x9c9b, 0x1056, 0x1056, 0x1856, 0x5a79, 0xf7bf, 0xffff, 0xffff, 0xffff, 0xffff, 0xffff,
  0xffff, 0x1876, 0x1876, 0xa4fc, 0xffff, 0xffff, 0xffff, 0xffff, 0xffff, 0xffff, 0xffff, 0xffff, 0xffff, 0xffff, 0xffff, 0xffff,
  0xffff, 0xffff, 0xffff, 0xffff, 0xffff, 0xffff, 0xffff, 0xffff, 0xffff, 0xffff, 0xffff, 0xffff, 0xffff, 0xffff, 0xffff, 0xffff,
  0xffff, 0xffff, 0xffff, 0xffff, 0xffff, 0xffff, 0xffff, 0xffff, 0xffff, 0xffff, 0xffff, 0xffff, 0xffff, 0xffff, 0xffff, 0xffff,
  0xffff, 0xffff, 0xffff, 0xffff, 0xffff, 0xffff, 0xffff, 0xffff, 0xffff, 0xffff, 0xffff, 0xffff, 0xffff, 0xef7f, 0xef7f, 0xf7bf,
  0xffff, 0xffff, 0xffff, 0xffff, 0xffff, 0xffff, 0xffff, 0xffff, 0xffff, 0xffff, 0xffff, 0xffff, 0xffff, 0xffff, 0xffff, 0xffff,
  0xffff, 0xffff, 0xffff, 0xffff, 0xffff, 0xffff, 0xffff, 0xffff, 0xffff, 0xffff, 0xffff, 0xffff, 0xffff, 0xffff, 0xffff, 0xffff,
  0xffff, 0xffff, 0xffff, 0xffff, 0xffff, 0xffff, 0xffff, 0xffff, 0xffff, 0xffff, 0xffff, 0xffff, 0xffff, 0xf79f, 0xc5fd, 0xbdbd,
  0xdebe, 0xffff, 0xffff, 0xffff, 0xffff, 0xffff, 0xffff, 0xffff, 0xffff, 0xef7f, 0xef7f, 0xffdf, 0xffff, 0xffff, 0xffff, 0xffff,
  0xffff, 0xffff, 0xffff, 0xffff, 0xffff, 0xffff, 0xffff, 0xffff, 0xffff, 0xffff, 0xffff, 0xffff, 0xffff, 0xffff, 0xffff, 0xffff,
  0xffff, 0xffff, 0xffff, 0xffff, 0xffff, 0xffff, 0xffff, 0xffff, 0xffff, 0xffff, 0xffff, 0xffff, 0xffff, 0xffff, 0xffff, 0xffff,
  0xffff, 0xffff, 0xffff, 0xffff, 0xffff, 0xffff, 0xffff, 0xffff, 0xffff, 0xffff, 0xffff, 0xffff, 0xffff, 0xffff, 0xffff, 0xffff,
  0xffff, 0xffff, 0xffff, 0xffff, 0xffff, 0xffff, 0xffff, 0xffff, 0xffff, 0xffff, 0xffff, 0xffff, 0xffff, 0xffff, 0xffff, 0xffff,
  0xffff, 0xffff, 0xffff, 0xffff, 0xffff, 0xffff, 0xffff, 0xffff, 0xffff, 0xffff, 0xffff, 0xffff, 0xffff, 0xffff, 0xffff, 0xffff,
  0xffff, 0xffff, 0xffff, 0xffff, 0xffff, 0xffff, 0xffff, 0xffff, 0xffff, 0xffff, 0xffff, 0xffff, 0xffff, 0xffff, 0xffff, 0xffff,
  0xffff, 0xffff, 0xffff, 0xffff, 0xffff, 0xffff, 0xffff, 0xffff, 0xffff, 0xffff, 0xffff, 0xffff, 0xffff, 0xffff, 0xffff, 0xffff,
  0xffff, 0xffff, 0xffff, 0xffff, 0xffff, 0xffff, 0xffff, 0xffff, 0xffff, 0xffff, 0xffff, 0xffff, 0xffff, 0xffff, 0xffff, 0xffff,
  0xffff, 0xffff, 0xffff, 0xffff, 0xffff, 0xffff, 0xffff, 0xffff, 0xffff, 0xffff, 0xffff, 0xffff, 0xffff, 0xffff, 0xffff, 0xffff,
  0xffff, 0xffff, 0xffff, 0xffff, 0xffff, 0xffff, 0xffff, 0xffff, 0xffff, 0xffff, 0xffff, 0xffff, 0xffff, 0xffff, 0xffff, 0xffff,
  0xffff, 0xffff, 0xffff, 0xffff, 0xffff, 0xffff, 0xffff, 0xffff, 0xffff, 0xffff, 0xffff, 0xffff, 0xffff, 0xffff, 0xffff, 0xffff,
  0xffff, 0xffff, 0xffff, 0xffff, 0xffff, 0xffff, 0xffff, 0xffff, 0xffff, 0xffff, 0xffff, 0xffff, 0xffff, 0xffff, 0xffff, 0xffff,
  0xffff, 0xffff, 0xffff, 0xffff, 0xffff, 0xffff, 0xffff, 0xffff, 0xffff, 0xffff, 0xffff, 0xffff, 0xffff, 0xffff, 0xffff, 0xffff,
  0xffff, 0xffff, 0xffff, 0xffff, 0xffff, 0xffff, 0xffff, 0xffff, 0xffff, 0xffff, 0xffff, 0xffff, 0xffff, 0xffff, 0xffff, 0xffff,
  0xffff, 0xffff, 0xffff, 0xffff, 0xffff, 0xffff, 0xffff, 0xffff, 0xffff, 0xffff, 0xffff, 0xffff, 0xffff, 0xffff, 0xffff, 0xffff,
  0xffff, 0xffff, 0xffff, 0xffff, 0xffff, 0xffff, 0xffff, 0xffff, 0xffff, 0xffff, 0xffff, 0xffff, 0xffff, 0xffff, 0xffff, 0xffff,
  0xffff, 0xffff, 0xffff, 0xffff, 0xffff, 0xffff, 0xffff, 0xffff, 0xffff, 0xffff, 0xffff, 0xffff, 0xffff, 0xffff, 0xffff, 0xffff
};
